id	danceability	energy	key	loudness	mode	speechiness	acousticness	instrumentalness	liveness	valence	tempo	duration_ms	time_signature	genre
0qLqhLPYSnaZvo4pAJIiPI	0.614	0.804	10	-7.966	1	0.0333	7.23e-05	0.942	0.242	0.972	137.823	83670	4	viral rap
3OG2MwfPXYLvPMF4CK4Mo0	0.495	0.334	11	-7.297	1	0.0326	0.669	0	0.109	0.343	142.344	180653	4	contemporary country
2IgzajjY7h18gjHvQ3LKZ5	0.712	0.735	8	-5.284	1	0.21	0.117	0	0.167	0.774	180.218	222165	4	social media pop
5FUy0EjfGquuhHL5qg3t1T	0.639	0.385	5	-10.068	1	0.0258	0.00082	0.362	0.112	0.108	109.983	253253	4	chamber psych
1DbAHtgCbgMFGir1m8YxVB	0.804	0.761	10	-4.237	1	0.164	0.143	0	0.198	0.806	94.034	152526	4	brooklyn drill
0GvkYGfvARyRBLK0dQV2JR	0.866	0.275	3	-11.3	1	0.0901	0.413	0.00744	0.101	0.819	140.121	198627	4	boston hip hop
2rIPa2SPXybqxFySqQ4MIN	0.776	0.706	3	-6.978	0	0.14	0.00746	1.49e-06	0.0897	0.839	150.956	203474	4	reggae rock
2ri6f2r2nPGPjyd4pfSefK	0.792	0.641	6	-5.463	1	0.41	0.0438	0	0.0513	0.713	143.979	141642	4	brooklyn drill
7eDrxsh5PQnsqiVNZxN9Z6	0.761	0.668	4	-7.081	1	0.273	0.285	1.85e-06	0.122	0.455	83.047	224400	4	indie pop rap
6k07poaGGgQWBYbEaaSV2n	0.353	0.664	7	-8.472	1	0.336	0.548	4.83e-05	0.458	0.214	171.334	211395	4	indie poptimism
3eSJmGWqoBRx5wbFCtvPtz	0.591	0.785	9	-7.768	1	0.161	0.161	0	0.126	0.785	106.002	217547	4	latin pop
0VjIjW4GlUZAMYd2vXMi3b	0.514	0.73	1	-5.934	1	0.0598	0.00146	9.54e-05	0.0897	0.334	171.005	200040	4	canadian contemporary r&b
1dsv9gQ8J2f9YV0HfOwjc5	0.713	0.412	1	-10.714	1	0.16	0.00343	0.000152	0.347	0.0529	127.89	150067	4	pluggnb
1PfZDTQSsNhhG3xvTtdxNV	0.922	0.736	8	-7.776	0	0.249	0.253	0	0.104	0.619	92.034	94154	4	indie hip hop
7hxHWCCAIIxFLCzvDgnQHX	0.8	0.658	1	-6.142	0	0.079	0.25	0	0.111	0.462	140.042	195429	4	pop rap
4M3FoD9yMynVhQsrk5SIsy	0.663	0.512	8	-11.039	1	0.0439	0.0742	2.49e-06	0.266	0.399	109.886	125460	4	emo rap
696DnlkuDOXcMAnKlTgXXK	0.621	0.601	6	-5.616	0	0.148	0.0522	0	0.46	0.457	116.735	163636	5	pop
7ytR5pFWmSjzHJIeQkgog4	0.746	0.69	11	-7.956	1	0.164	0.247	0	0.101	0.497	89.977	181733	4	north carolina hip hop
0eC8otaIkta7JKZ53UC6Ux	0.538	0.77	2	-9.23	1	0.0567	0.0214	0.825	0.134	0.0309	94.0	316804	4	dark clubbing
3GZoWLVbmxcBys6g0DLFLf	0.862	0.631	7	-4.746	1	0.0515	0.291	0.000209	0.123	0.841	128.978	223488	4	alt z
55CHeLEfn5iJ0IIkgaa4si	0.843	0.741	11	-5.609	1	0.334	0.0252	0	0.096	0.68	168.983	155497	4	dance pop
0mJ35OaQMtOxmFhH0owTxS	0.526	0.28	0	-9.286	1	0.0512	0.938	1.55e-06	0.107	0.346	130.252	143977	4	permanent wave
0mhn1a9ExpjY9o2UrNsi5A	0.699	0.61	1	-5.805	0	0.0334	0.0439	0	0.129	0.195	110.001	125455	4	vapor soul
1Cv1YLb4q0RzL6pybtaMLo	0.878	0.525	5	-6.832	1	0.0578	0.183	0	0.0714	0.694	112.022	158571	4	bedroom soul
5RqR4ZCCKJDcBLIn4sih9l	0.728	0.431	6	-9.966	0	0.0622	0.749	0	0.0996	0.629	130.022	147800	4	melodic rap
2Z1fmITgFG1R7risWiMktP	0.875	0.667	9	-8.321	1	0.0743	0.0345	4.58e-05	0.0738	0.702	111.015	278919	4	psychedelic hip hop
4jPy3l0RUwlUI9T5XHBW2m	0.701	0.716	7	-3.671	0	0.0361	0.174	0	0.324	0.732	91.007	140533	4	cali rap
4ZU0VAYzClR9hVMwWvBDaw	0.352	0.0697	2	-24.762	1	0.0449	0.808	0.935	0.145	0.114	189.955	202105	3	chillhop
3PMGQUgKrbYYpfFMLFfI2Z	0.451	0.901	8	-5.57	0	0.449	0.0341	4.82e-06	0.344	0.327	143.963	198333	4	drift phonk
7eJMfftS33KTjuF7lTsMCx	0.726	0.431	8	-8.765	0	0.135	0.731	0	0.696	0.348	144.026	173333	4	sad rap
6O3Tg7tkJZvt2DY8u4IUtb	0.641	0.544	7	-12.257	1	0.405	0.0958	0.000422	0.332	0.438	121.752	126331	5	detroit hip hop
5tXgSua20WlH1dmkqZv0YU	0.855	0.625	7	-13.777	1	0.208	0.000172	0.942	0.0871	0.112	130.003	253493	4	electronica
22LAwLoDA5b4AaGSkg6bKW	0.774	0.554	0	-7.909	1	0.0383	0.207	0	0.132	0.349	99.034	162547	4	melodic rap
1iej9W5YF3ONfUHQTcHI86	0.816	0.682	9	-6.048	1	0.309	0.0188	3.85e-06	0.118	0.471	146.011	158242	4	alternative r&b
5ieYv6SThGLTW2hoPjTCCv	0.7	0.444	10	-12.408	0	0.53	0.291	8.38e-05	0.623	0.468	102.017	208012	4	perreo
0Aqi7ArnBrGblW5T6p2jmD	0.785	0.431	10	-8.756	0	0.0364	0.123	0	0.0887	0.236	127.085	159382	4	melodic rap
69KF3MSSC6GZPXqWf47cu5	0.842	0.708	0	-2.941	1	0.148	0.078	0	0.168	0.84	130.126	74592	4	chicago rap
35mvY5S1H3J2QZyna3TFe0	0.737	0.802	0	-4.771	1	0.0878	0.468	0	0.0931	0.682	144.015	172325	4	dance pop
2SY7x3DWELQRTvG7W4dBsj	0.614	0.914	8	-6.871	0	0.536	0.151	0.000793	0.107	0.399	171.818	159157	4	dark trap
7AFZZV7P2Rx6xvgTy3BJfs	0.821	0.763	8	-5.34	1	0.207	0.272	0	0.108	0.279	98.026	127530	4	social media pop
640TZB0hnrrDix1zTsdl4w	0.431	0.7	6	-5.35	1	0.265	0.0901	0	0.216	0.73	157.871	183219	4	pop
2nC3QhMI9reBIOWutbU3Tj	0.572	0.406	10	-8.624	1	0.0427	0.587	4.48e-06	0.102	0.265	119.812	201084	4	alt z
3X7JQRna5FKzD55WsgvLcN	0.501	0.696	9	-5.846	0	0.0718	0.0726	2.6e-06	0.132	0.75	121.952	174764	4	norwegian rock
7pQkDLtcJ9ayVJ8Cfk3bQy	0.451	0.734	6	-7.316	0	0.0355	0.437	0	0.11	0.783	96.553	175337	4	corrido
1RentLQG21VuioN1680oDi	0.721	0.913	2	-2.823	1	0.167	0.0382	0	0.148	0.571	138.083	113592	4	dark trap
5JdIO3MAyDIwCsMOsijA78	0.85	0.353	1	-11.135	0	0.501	0.748	0	0.224	0.675	140.001	123427	4	canadian hip hop
6AGOKlMZWLCaEJGnaROtF9	0.399	0.491	6	-10.778	0	0.0538	0.0563	0.00089	0.11	0.151	91.066	210463	4	bedroom pop
6JLP1BQhdXDe9WDje98HOF	0.5	0.777	4	-7.452	1	0.0766	0.348	0.0012	0.111	0.138	94.327	265766	4	pop rock
1tkg4EHVoqnhR6iFEXb60y	0.709	0.548	10	-8.493	1	0.353	0.65	1.59e-06	0.133	0.543	83.995	160000	4	brooklyn drill
7o4gBbTM6UBLkOYPw9xMCz	0.928	0.341	11	-10.196	0	0.103	0.0614	0	0.162	0.745	129.966	170233	4	pop rap
3J8EOeKLTLXORtWPpOU5bE	0.907	0.393	4	-7.636	0	0.0539	0.451	1.35e-06	0.135	0.202	104.949	205458	4	brooklyn drill
22TIEPWCfPqGZdL1ZclWX8	0.687	0.369	7	-11.6	1	0.0613	0.78	0.938	0.0951	0.0394	159.944	159000	4	lo-fi beats
3uaLbGavlMeIwVpSgGLemy	0.479	0.777	5	-5.261	0	0.381	0.0137	0.138	0.117	0.378	176.667	252469	5	deep psytrance
4hSm8pkwQCrIVgUET79zwy	0.458	0.996	6	-2.528	0	0.0984	0.0179	0.861	0.124	0.364	75.035	132963	4	swedish eurodance
6zvvHK72TjoN1m272d43vk	0.616	0.691	2	-5.453	1	0.35	0.575	0	0.0871	0.457	170.086	118772	4	indie pop rap
5w7TpgrPzWAEuAg0PSQukj	0.304	0.742	8	-6.227	1	0.0668	0.00128	0	0.115	0.279	180.541	209931	4	german dance
4IOYk6epkzXT38U4ShauZ6	0.718	0.403	2	-11.064	0	0.205	0.263	1.56e-06	0.228	0.636	129.582	177856	4	viral rap
0SIAFU49FFHwR3QnT5Jx0k	0.744	0.845	4	-7.422	0	0.253	0.759	0.232	0.1	0.749	75.221	160000	4	orlando indie
0ZxA85Z4olp3PfhnX79wV1	0.821	0.436	3	-12.653	0	0.076	0.532	1.58e-05	0.0826	0.282	97.966	215510	4	social media pop
6Gg1gjgKi2AK4e0qzsR7sd	0.474	0.631	5	-5.884	0	0.343	0.0687	0	0.132	0.425	180.051	189323	4	chicago rap
1GvON6kY03WIDm9As0FA1T	0.464	0.933	9	-7.517	1	0.087	0.00493	0.899	0.172	0.226	159.959	338059	4	trance brasileiro
7GkEeDUdZWJ3iBI50vg3wa	0.937	0.346	9	-15.966	1	0.869	0.39	0	0.0849	0.873	99.017	102818	4	florida rap
1JpXdd9aWSTy3FNx4Wb4Y3	0.524	0.989	8	-3.483	1	0.0901	0.000927	0.847	0.114	0.0392	144.942	195310	4	gaming edm
1MI6cDLkjRcDQOnwgsRAqT	0.621	0.574	9	-8.768	0	0.0308	0.613	0.293	0.159	0.409	90.004	293640	4	k-indie
5Y1id2NTv2M7x2g2V2q1Sz	0.314	0.631	7	-8.167	1	0.0756	0.46	0	0.0811	0.224	96.301	217997	4	dance pop
18vXApRmJSgQ6wG2ll9AOg	0.789	0.536	6	-6.862	1	0.242	0.41	0	0.129	0.437	81.039	165926	4	chicago rap
0lMdefFBuqbZ9NJzZesqVD	0.824	0.591	2	-6.989	1	0.206	0.289	0	0.414	0.245	116.014	126207	4	underground boom bap
6yYq1ukH5S3ZJMm5S3v8PS	0.39	0.981	5	-2.846	0	0.106	3.36e-05	0	0.409	0.313	170.022	167127	4	socal pop punk
6gi6y1xwmVszDWkUqab1qw	0.802	0.591	8	-4.895	1	0.225	0.0104	0	0.196	0.309	139.864	157712	4	rap
4DpNNXFMMxQEKl7r0ykkWA	0.68	0.729	5	-5.077	1	0.0475	0.612	0	0.224	0.446	123.97	179867	4	alt z
0P6g6U4gfC9fNKyjzuMMDu	0.875	0.784	0	-7.013	1	0.0879	0.0567	8.92e-06	0.216	0.833	118.016	252839	4	cubaton
1xQ6trAsedVPCdbtDAmk0c	0.767	0.481	0	-8.52	0	0.0803	0.234	0	0.269	0.761	150.076	171375	4	nz pop
5yzLCCqTpnLw9Mi4jZgCaw	0.828	0.386	7	-10.396	0	0.337	0.0522	0.824	0.215	0.569	153.956	190325	4	christian hip hop
3psmeINUlupHFljoTKs2pT	0.773	0.683	4	-4.647	0	0.0301	0.117	0	0.0822	0.928	91.973	227960	4	australian alternative rock
6sjAZoeSPUi24Rjs9j4g9q	0.64	0.494	1	-12.9	0	0.399	0.12	0	0.155	0.201	110.124	213213	4	high vibe
2bBtlmdfSJL93ZQe5FuYLD	0.244	0.867	5	-9.225	0	0.0393	0.00654	0.882	0.678	0.0854	75.009	153600	4	brostep
4Q6WfvXcs5BM5iSoPcohiq	0.224	0.439	7	-16.569	1	0.0393	0.000576	0.914	0.502	0.0476	115.786	209480	4	american post-rock
0SuMbTB0QFqgJdIRIfEAqB	0.418	0.24	3	-16.701	1	0.0415	0.993	0.93	0.109	0.126	77.023	155452	3	focus
26spalP6x2gUAab8rwB8dQ	0.882	0.736	3	-2.892	0	0.116	0.00222	0	0.0515	0.582	125.995	194547	4	k-pop
2QknyTIQJv5uzPTbFgbdy6	0.731	0.818	8	-5.236	0	0.376	0.134	0	0.161	0.829	75.265	131208	4	dark trap
320D4MzGxmF8KgovgdYTpo	0.43	0.917	0	-4.381	0	0.147	0.000138	0.903	0.0867	0.376	110.041	233909	4	spacewave
2CJSmgaOO10Zna0ZYv1Jaw	0.759	0.846	10	-4.151	1	0.0388	0.346	0	0.208	0.861	137.022	171413	4	chinese hip hop
2vsADr48Ji1oiF1OhhDIb5	0.601	0.864	4	-4.562	0	0.0351	0.0141	0.498	0.713	0.585	93.985	236067	4	modern alternative rock
1PFEwSNbMN01JTgIvE6eyw	0.639	0.559	1	-6.749	1	0.104	0.278	0	0.0659	0.264	131.734	174636	3	dance pop
7dVj0j0mpRYOlLqYtqPVSQ	0.683	0.74	2	-6.532	1	0.0431	0.195	0.00192	0.308	0.319	113.969	180000	4	south african alternative
6KGVPUONOEp9UagQRIFe4C	0.369	0.349	10	-13.375	1	0.027	0.436	0.916	0.219	0.0963	93.349	254200	4	experimental guitar
0uFmOlOL1FeD1rIg1fqlOd	0.929	0.602	3	-5.802	0	0.295	0.593	0	0.12	0.709	120.012	192758	4	st louis rap
3lxSoxT5ydCm3LSzLdCxjW	0.78	0.389	6	-8.877	0	0.0776	0.491	0.00242	0.0699	0.188	121.919	169749	3	bedroom soul
3zDGyp5Ef5F8Wyaq0EpYxq	0.51	0.923	10	-4.433	0	0.239	0.000253	0.00348	0.104	0.297	138.043	241750	4	j-rock
344wEkS8J7vg5wO63k6lzy	0.845	0.792	6	-5.469	1	0.0564	0.142	3.11e-06	0.34	0.852	103.007	227741	4	kenyan pop
5IvjRPwzQnovVF46cKNmya	0.474	0.623	2	-10.828	1	0.0925	0.562	0	0.146	0.448	119.698	277301	4	comic
3EeyKbHIVpGxvmm5QuJg7T	0.887	0.621	5	-4.858	1	0.144	0.131	0.000142	0.143	0.319	101.995	150607	4	ottawa rap
09yuQ2v1mHGWZVrpQB1Oj4	0.603	0.815	0	-3.572	1	0.0904	0.0361	0	0.133	0.79	105.254	214919	4	latin hip hop
1m3KSPoenotaZteGJmKgW9	0.682	0.74	5	-7.717	0	0.0728	0.0111	0	0.0929	0.749	97.069	188598	4	chicano rap
0ktUOmqwFOpdPqqGMnmHqm	0.643	0.613	10	-6.297	0	0.0853	0.334	2.54e-05	0.144	0.52	153.853	159500	4	hopebeat
7jG6lSVrBTyBJHBHSZ4KgW	0.775	0.462	7	-9.496	0	0.0541	0.285	0	0.0881	0.582	114.981	206629	4	pluggnb
2wIWxJLkqRurxd0xWy39JU	0.462	0.505	4	-8.834	1	0.0618	0.575	0.00192	0.341	0.217	97.227	197959	4	reggae en espanol
7FpSAFZGWffSmakTHT1XPB	0.696	0.742	1	-6.449	1	0.224	0.155	0	0.168	0.292	85.98	217458	4	alternative r&b
2NsAHWR89AnXpCd3Ni6k11	0.418	0.352	5	-13.145	1	0.037	0.874	0.938	0.0866	0.0778	117.014	309006	4	korean pop
0t97lL3ZMyuxbABB0dgYhf	0.755	0.428	2	-8.534	1	0.0361	0.654	0	0.0644	0.817	119.775	130973	4	adult standards
7MXtr93z4ltQzhfIxYnYWX	0.583	0.643	3	-5.338	1	0.0775	0.492	0	0.225	0.691	154.133	217253	4	korean pop
29dQNoUhq03wafZpaA3njs	0.754	0.62	2	-8.052	0	0.319	0.254	0	0.105	0.539	90.003	153496	4	florida rap
5q0MCJ1arW4w0o3ao9Bi6A	0.607	0.912	8	-3.449	1	0.0611	0.124	0	0.332	0.722	134.944	206107	4	contemporary country
2FGh2ref26EwA3Z5st5oHb	0.622	0.802	9	-4.969	0	0.167	0.17	0	0.263	0.764	124.859	144910	4	edm
46hM1nd7rXl759Luyy3dIV	0.576	0.73	8	-6.497	1	0.0289	0.0836	0.000479	0.127	0.732	121.99	278094	4	city pop
4YW8YoVfEZTynrEvWeLbRc	0.701	0.811	10	-5.096	0	0.0353	0.0311	0.0204	0.082	0.743	109.027	239717	4	pop rap
63pkzcypsyiOkQcSBGgRAg	0.501	0.816	1	-6.464	1	0.0311	0.000154	0	0.0845	0.565	150.04	187201	4	antiviral pop
7t4GCnsTKX7oBxDJQZtdv9	0.813	0.649	11	-6.593	0	0.26	0.605	0	0.0901	0.613	120.019	166685	4	turkce drill
1ly16zGmbhWczvGfP7C9O8	0.763	0.667	2	-6.285	1	0.085	0.021	2.4e-05	0.0715	0.75	95.864	260520	4	canadian contemporary r&b
16xdKba6zqVvsDvrsamL3q	0.645	0.494	3	-8.039	0	0.119	0.037	2.06e-06	0.108	0.521	118.065	80339	4	christian hip hop
01nWmkzHrNKfURDi4xF3bu	0.625	0.261	9	-7.66	1	0.0265	0.756	0	0.13	0.233	74.013	236957	4	dance pop
5Z3eEWd02O1RekV96ohDPx	0.704	0.764	4	-6.508	0	0.026	0.167	0	0.235	0.709	100.018	285611	4	musical advocacy
0xRAkJaeQ9K705z2M8gPdb	0.512	0.447	7	-9.75	1	0.0369	0.337	6.43e-05	0.0802	0.321	130.058	154920	4	high vibe
7FlJwss21CrUmb3gBMyQ4F	0.738	0.471	6	-8.827	1	0.0509	0.55	0	0.12	0.681	163.981	167151	4	alternative r&b
13AD9WSKhLSAZ8awiYofHp	0.592	0.797	11	-7.155	0	0.101	0.209	0	0.374	0.698	110.007	251455	4	cantautor
5Ous1Vv2d5mU84wVoBlqZU	0.472	0.701	2	-4.563	1	0.0369	0.0387	0	0.107	0.515	79.805	169440	4	contemporary country
2Y9VShrN7eDx8BXzDXI4fZ	0.679	0.968	2	-1.79	1	0.0744	0.012	0.728	0.0529	0.211	130.02	180923	4	electro house
4GMk4ug8bK6HP67y5dvq2U	0.458	0.663	9	-4.498	0	0.037	0.0177	0	0.133	0.379	79.835	193693	4	modern rock
5aO54UchLksSDWRLYtvbqg	0.466	0.55	3	-6.6	1	0.0285	0.0638	0	0.244	0.423	92.528	230893	4	dance pop
4lY4fsjoBZhhHngRiy0VkB	0.476	0.666	6	-3.438	1	0.0446	0.314	0	0.342	0.498	148.155	193943	4	acoustic pop
1EryXVV7xCH10UeVvF3RMB	0.472	0.943	8	-4.478	1	0.0474	0.00277	1.95e-06	0.0372	0.507	139.916	306213	4	anime
69yWHw7ZdTfYnpk67pdj3a	0.527	0.867	9	-5.854	1	0.145	0.0132	0.000358	0.612	0.184	128.04	210907	4	indie pop
0DYCw5AZIX3S11QQUiPiqN	0.579	0.342	5	-20.507	0	0.0439	0.978	0.949	0.0713	0.814	111.34	239238	4	art rock
6DF92LToyzm7k0B0jq3pBd	0.727	0.822	5	-4.929	1	0.0518	0.00251	0.56	0.388	0.0385	125.995	121554	4	big room
0Vd84LQUTqQSdLOiFVAz4Q	0.798	0.723	6	-4.913	1	0.0568	0.48	0	0.104	0.512	112.043	192075	4	dance pop
2zpXEpZbAgQdhNyy6iwPwZ	0.796	0.426	0	-8.564	1	0.0393	0.305	0.000122	0.117	0.515	120.024	232176	4	emo
5zAQ0EVwLhDESwDgoFtuLe	0.712	0.829	0	-5.847	1	0.0248	0.125	4.85e-06	0.0729	0.769	123.814	199679	4	europop
05XF2isNl7pav0UX7UG0Lu	0.233	0.432	10	-5.957	1	0.0321	0.291	0	0.279	0.286	195.663	184747	3	contemporary country
1NbB5l5BXeK6SKYbHvnYxf	0.712	0.251	6	-12.412	1	0.0473	0.807	0	0.108	0.627	79.956	152000	5	alternative r&b
3LUM7W594mmbOXG6k0uP8p	0.797	0.492	8	-5.288	0	0.0815	0.159	0	0.0584	0.875	149.019	186114	3	canadian contemporary r&b
3CQa7Xu95cwlQVPd3UoiHB	0.647	0.876	10	-5.662	1	0.185	0.881	3.59e-05	0.26	0.949	151.925	162897	4	classic rock
1r4aHCgkZhCuy91UmoVuVI	0.191	0.112	11	-31.741	1	0.043	0.992	0.893	0.0741	0.0399	141.077	82587	4	ambient
7fysjdB0TXnmGrZpOClTOL	0.403	0.835	9	-6.682	1	0.0538	0.000355	0	0.0738	0.28	143.94	369270	4	ccm
3uAXvojw4qXEpP2GppeYnE	0.684	0.566	4	-9.795	1	0.0368	0.4	1e-05	0.122	0.408	114.399	279930	4	deep new americana
3QfgWQdhEDLCzoVruhoUA3	0.443	0.497	5	-4.765	1	0.0315	0.0738	9.81e-05	0.128	0.294	147.859	206738	4	contemporary country
7e1PouxcvDYtzhTARtOFlL	0.714	0.51	8	-10.697	0	0.0338	0.0595	0.337	0.0786	0.52	129.929	241597	4	bedroom soul
1wKwQdV3A1rllcQfWLzZdZ	0.425	0.062	9	-17.04	1	0.0398	0.963	0.00356	0.162	0.18	135.554	105933	3	pop
2xrpJezRvcgajTFSE3vDcX	0.557	0.331	5	-10.184	0	0.0269	0.786	0.0026	0.0743	0.506	108.208	357697	1	bhajan
5dFO6ciPEFFkgggyYcZzSw	0.661	0.749	1	-4.851	1	0.0371	0.0579	0	0.0898	0.682	146.079	175213	4	black americana
7L9iiGbLG2zyjS8KR74MoC	0.494	0.19	3	-9.035	1	0.0314	0.971	0	0.143	0.348	130.138	179393	4	argentine hip hop
0CgkBouReRphvQ2ZEQW9mU	0.674	0.851	11	-2.655	0	0.353	0.222	0	0.054	0.721	98.032	628793	4	dembow
4HTwtT08PGNr6GrikqP9w9	0.68	0.805	8	-3.232	0	0.0801	0.0134	0.0558	0.237	0.865	132.005	203920	4	alternative dance
1oOOiIOR4OXntHkpSvytwb	0.848	0.87	11	-4.014	0	0.0395	0.172	0.795	0.247	0.25	120.013	212016	4	german techno
6mUnMSdYovNDVgfXZ4kMHa	0.604	0.54	7	-8.524	1	0.0251	0.174	0.0296	0.136	0.297	107.997	222587	4	indie pop
6gEIkN8SSg8hp4NENkyYFA	0.58	0.778	9	-6.75	1	0.0303	0.00207	0.0863	0.376	0.379	145.023	332333	3	hard rock
0nEeAGQIFWf7xadpqJmywu	0.692	0.956	11	-3.951	1	0.178	0.000997	0.494	0.252	0.167	174.045	210345	4	dubstep
4LmN889VhPSNg9N6q6805g	0.868	0.567	8	-7.27	1	0.187	0.439	0	0.0947	0.697	138.049	173913	4	chicago rap
51fGhRZnTQbHKaYdpjygpG	0.701	0.631	7	-7.564	1	0.116	0.0176	6.87e-05	0.304	0.553	173.951	236656	4	dancehall
32stKldyfmztWCdqas0WYi	0.753	0.844	1	-6.87	1	0.322	0.269	0	0.286	0.778	119.915	166375	4	abstract hip hop
3a8agoetBiMHTJbvwGubJH	0.171	0.0946	7	-26.261	0	0.0408	0.979	0.0844	0.0772	0.236	73.091	154760	4	puirt-a-beul
4zgQOaD4TWU85PBCMk48gB	0.56	0.658	0	-4.911	1	0.0361	0.378	0	0.51	0.494	128.116	243393	4	boy band
4ESfShgbxkqvXbYVmDLT4W	0.693	0.766	0	-6.976	1	0.0405	0.0518	0	0.0735	0.584	98.992	213333	4	folk-pop
2ufRIXr1b0yCEm3wgZlKnv	0.534	0.558	4	-10.613	0	0.0338	0.0148	0.00722	0.05	0.502	116.671	403067	4	album rock
7eTonpb9lXgerPaW6I1VnP	0.333	0.281	10	-8.262	1	0.0274	0.893	0	0.0995	0.265	145.621	178547	4	british soul
0OJRXR6iupVvzeyZn7yubZ	0.875	0.519	7	-9.29	1	0.492	0.0851	0.792	0.409	0.0402	125.086	153652	4	guaracha
4Yhx7H7UOXbwsyXwm8ASm7	0.606	0.643	5	-3.438	0	0.0608	0.0728	0	0.11	0.752	169.847	146824	4	arab pop
0ZvKkulRYWDCheU3Wb9yFY	0.443	0.844	8	-5.873	1	0.0626	0.0015	0.000615	0.141	0.238	170.141	173754	4	hardstyle
25BLqfJUuFnzm4jShSHX3U	0.439	0.877	5	-3.992	0	0.11	0.00522	0.0701	0.29	0.175	136.724	695000	4	belgian dance
2wxUXlPQSloOq0SGetICXD	0.508	0.679	2	-4.957	1	0.0325	0.0738	0	0.196	0.521	114.966	232233	3	gospel
6PfQLYhSMr3ryxbloW53G9	0.696	0.897	9	-6.691	0	0.0576	0.00142	0.017	0.339	0.731	123.052	226600	4	dance pop
0pcCI8w8ZMfdkExkpZlWA5	0.577	0.849	7	-4.363	1	0.402	0.28	0	0.599	0.78	89.467	830647	4	battle rap
0zu6VMCOb3ZrvbiCRUIDab	0.755	0.777	6	-6.724	1	0.053	0.00734	0.177	0.0978	0.0931	128.015	380625	4	electra
2X4nkRGlzR75WE0PwbyKnJ	0.737	0.522	6	-9.205	0	0.0485	0.0772	0.00347	0.152	0.768	86.985	190560	4	alternative r&b
0Au0gdgbM7GyCNiRRaxbWc	0.765	0.718	0	-2.755	1	0.0473	0.415	0	0.0545	0.75	144.101	197959	4	contemporary country
5GAkzWyhYfI7hgPtaDSHv7	0.805	0.87	7	-8.803	0	0.0686	0.305	7.7e-06	0.0606	0.909	89.981	284195	4	classic venezuelan pop
5zlKsrY22S5285QKTBNaDX	0.519	0.892	10	-2.589	0	0.124	0.00111	2.47e-05	0.0705	0.564	91.997	217333	4	anime
5J8Ky3NNT98Z8Mp1YQTDCZ	0.646	0.854	0	-4.238	1	0.0375	0.113	0	0.165	0.372	125.936	223333	4	dance pop
6tbfDq2OgviVZLCr2CsMto	0.429	0.202	5	-12.639	1	0.0335	0.89	0.000173	0.127	0.246	128.856	251933	4	new age
3JihntH4boGn1d6IkGqqSy	0.392	0.506	1	-3.453	0	0.0539	0.183	0.0977	0.111	0.0923	120.257	158267	5	glitchcore
3CHcHGHcS1RggaRsWPnMDO	0.716	0.689	11	-6.628	1	0.0957	0.0218	4.41e-06	0.101	0.652	112.056	186562	4	swedish pop
5nBWDx0Rri3fMDvjFrljqk	0.582	0.684	2	-7.513	1	0.0346	0.143	0	0.097	0.341	112.91	189650	4	vbs
33jASbqLzjwagaU8yV3WqP	0.453	0.816	10	-5.656	1	0.0706	0.00524	1.05e-05	0.363	0.374	144.154	221947	4	glam metal
25FuqC87FsbRm4jx4X3ASE	0.639	0.742	4	-8.51	0	0.0451	0.284	0	0.132	0.864	133.763	254720	4	c-pop
540xJtdKZQnBvLe3iNdsV5	0.511	0.156	8	-23.837	0	0.0435	0.991	0.944	0.108	0.198	76.045	167961	4	piano cover
2nuqXGEaqdrji38aNKotkT	0.68	0.295	5	-10.805	1	0.235	0.958	0	0.455	0.463	98.139	42038	4	otacore
3eNgUOvq4q0ccdVIjxLgLe	0.307	0.936	8	-5.806	1	0.0813	4.99e-05	0.0638	0.563	0.363	198.197	86806	4	digital hardcore
6GY7o6eYBSpT2s3VJbOqmF	0.816	0.668	1	-11.125	1	0.0913	0.552	0.892	0.103	0.602	135.021	234222	3	drift phonk
5KLkY1MUOErL1Fj8xrfHAQ	0.632	0.556	11	-9.669	0	0.233	0.125	0	0.109	0.231	159.815	144379	4	chill r&b
7tizLkTwJTupn2oculeesR	0.88	0.585	8	-7.716	0	0.0545	0.412	0.0504	0.133	0.426	139.979	118286	4	phonk
6YwBd9LIpIb12swAydBS7n	0.41	0.876	8	-4.528	1	0.315	0.0201	2.32e-05	0.069	0.0871	155.144	366290	4	classic hardstyle
4WCjWUQGf66gxE6Re95Brp	0.297	0.935	11	-2.188	0	0.0754	0.0251	1.09e-05	0.157	0.147	112.57	316800	3	classic hardstyle
6t3w4yBR0Y1CxSNCh5EgDZ	0.231	0.28	0	-19.806	1	0.0449	0.732	0.898	0.0838	0.0374	72.968	325680	3	ambient guitar
6MoMWPnwZSgTEfxN0juYg0	0.33	0.298	10	-10.891	1	0.0321	0.678	0	0.105	0.461	81.545	204398	4	channel pop
583gAp1xTgua0aTUaBjKF1	0.59	0.773	2	-6.198	0	0.0616	0.0519	0	0.11	0.408	77.362	206095	4	cancion melodica
5431KRbZtVF3tVgMR1lIYS	0.207	0.0854	2	-19.104	1	0.042	0.976	0.923	0.0663	0.138	199.771	622227	3	classical
0uCUzjyBMFSmllCqK1Sm7r	0.77	0.858	4	-5.973	0	0.296	0.14	0	0.375	0.886	154.041	192585	5	maga rap
5EgnghAlKcFSpDGypc0gMm	0.613	0.986	4	-1.843	1	0.488	0.00485	0.000779	0.559	0.604	150.04	173600	4	electro
1MsQyiZmNyCGBVzWgrVyqI	0.41	0.972	1	-4.354	0	0.113	4.95e-06	0.948	0.288	0.19	114.88	175839	4	otacore
5CpoSNpLrhkXXIyuyWoI7q	0.645	0.732	3	-5.089	1	0.0453	0.00853	2.62e-05	0.198	0.708	95.02	162973	4	australian country
1UOrERShvgjfbdvbZ0OCbW	0.77	0.673	10	-7.137	0	0.0468	0.000658	0.551	0.0312	0.194	126.002	304763	4	bass house
2K11ZGh3lETedHrDJ5H2OU	0.544	0.148	0	-9.864	1	0.0778	0.539	0	0.178	0.702	188.412	205193	4	contemporary country
726E9Bz9YOJUD65r155ZXQ	0.606	0.449	11	-9.975	1	0.0263	0.635	0.00072	0.107	0.348	130.991	289000	4	indie folk
2cUFUwp0rNZFPj8kQouMPA	0.646	0.602	10	-6.813	1	0.0474	0.155	0	0.176	0.191	89.949	211526	4	mandopop
1TpHOYdKLcCFqQDEu1QJjS	0.827	0.617	3	-13.218	0	0.356	0.21	0	0.192	0.687	99.967	162586	4	san diego rap
0wgMBe5KO3Oz1gWWWdhT5D	0.631	0.92	5	-4.551	0	0.0384	0.0813	3.4e-05	0.148	0.582	124.974	173325	4	deep groove house
1ce1hNtmptNCrbqkSJ6S9K	0.242	0.973	8	-4.739	1	0.148	2.57e-05	0.82	0.121	0.369	148.095	505147	4	hard rock
6ywSF3o1SjDcmP6hSqTGF6	0.887	0.456	0	-8.547	1	0.0803	0.0598	0.00495	0.0308	0.768	129.976	126653	4	hollywood
4m20CeAOQBTNRQEaVINYk5	0.534	0.722	9	-4.944	1	0.0339	0.0367	1.68e-06	0.11	0.224	75.007	209720	4	contemporary country
2bBbb1yogwOM6jxZPxmPzL	0.522	0.669	7	-7.824	1	0.0269	0.0917	0.000258	0.124	0.479	148.015	234547	4	contemporary country
4g4blBuFEYtfv0Csqswr7C	0.478	0.388	2	-8.757	0	0.0314	0.221	4.35e-05	0.095	0.0558	90.074	210667	4	bossbeat
4us1w5g17wSFUsLeadWdbB	0.582	0.939	9	-4.868	0	0.0781	0.0069	0.00365	0.0732	0.594	136.871	217707	4	arkansas country
2fMUHAZoqHjscGlC8NVzqX	0.423	0.72	11	-4.753	1	0.064	0.0286	0.000219	0.148	0.433	176.959	263693	4	british alternative rock
4OEuygzxkwbn5nDx1bpf3h	0.551	0.812	7	-4.836	1	0.03	8.07e-05	0.569	0.0887	0.671	110.027	187075	4	album rock
6nLXnqhVpNLiL41uImEvJM	0.763	0.826	11	-9.075	0	0.0342	0.000191	0.0651	0.0868	0.865	122.533	398733	4	italian disco
3QZUeCYGIMvoOohTDGaqSp	0.488	0.43	5	-11.371	0	0.0352	0.822	0.836	0.184	0.587	106.711	156734	4	bebop
5ZZm2yxaR7HG9KeGPKqVW8	0.551	0.47	9	-8.698	0	0.0313	0.545	0	0.161	0.386	111.796	302147	4	classic bollywood
0PTTlNKYWHANJcWLQJswYA	0.829	0.544	6	-8.46	0	0.256	0.0158	0	0.171	0.7	164.101	95106	4	memphis hip hop
7CrWyrb9ueT6koXfBABJJJ	0.296	0.778	0	-7.889	1	0.0608	0.0193	0.773	0.332	0.186	169.695	386584	3	contemporary jazz
3zB1hZ2Lg0u7s5Ejkw7GGX	0.637	0.797	8	-6.046	1	0.187	0.0166	0	0.133	0.485	129.776	137867	5	detroit trap
5lxTP8BSGruXVMX15VtFIp	0.617	0.6	7	-12.783	1	0.0283	0.137	0	0.221	0.807	136.138	203038	4	latin christian
6h20Y04ptdWtX3UU1FT1gD	0.539	0.745	9	-7.854	0	0.0278	0.451	0.000235	0.103	0.779	99.901	288160	4	manguebeat
7gKs1zCe0oSzpBjNyvdMIP	0.666	0.921	9	-5.462	1	0.138	0.226	0	0.15	0.723	120.03	215960	4	electro latino
1gRFit2OcumxYZ6f1wbVAT	0.786	0.685	0	-8.447	1	0.0305	0.443	0.00673	0.351	0.722	109.32	232594	4	swedish synthpop
0b7EsnZ7OZCCxVW9j1trop	0.473	0.957	11	-4.412	1	0.0471	0.0049	2.3e-06	0.32	0.696	154.067	282324	4	super eurobeat
5kHrTMIFqmZkuCkovsxRUs	0.8	0.902	1	-3.518	0	0.0648	0.00377	0.265	0.123	0.23	124.002	186542	4	bass house
1SGAKhk4L8XbHCp8oAtzVt	0.552	0.817	5	-5.338	0	0.0465	0.047	0.524	0.0915	0.509	174.013	286000	4	chillstep
3kuXmMSeMPl2GztP91Y1MD	0.779	0.935	5	-5.866	0	0.24	0.038	0	0.59	0.865	165.85	110175	4	dark trap
1t43fKlTQt96rRSYFAAGNz	0.573	0.581	10	-12.895	0	0.105	0.00847	0.000959	0.328	0.724	147.013	237898	4	reggae rock
5qYgHPz9BgMnuIbAFRrZiD	0.294	0.683	7	-6.14	1	0.0363	0.0301	0.00901	0.357	0.229	167.654	307813	4	irish rock
20Cq38WdpKCscYtTPTZy0J	0.711	0.946	0	-4.303	1	0.158	0.0147	2.54e-05	0.0779	0.544	99.974	293875	4	funk rock
14jzucHhmoUhlzhWeQNAV6	0.37	0.975	6	-4.164	1	0.107	0.00816	0.698	0.214	0.0712	125.962	192381	4	big room
7BaoPkMMPX5LwdyyUSByKe	0.613	0.995	6	-4.959	0	0.0466	0.216	0.77	0.21	0.293	107.971	222222	4	cyberpunk
6ZBcSFnH5j8OPwRNY2pQOg	0.464	0.386	2	-9.189	1	0.0385	0.837	0	0.207	0.351	89.801	343813	4	brazilian rock
1vqZyZ5lidDFBE0Jfa9sLq	0.483	0.349	7	-9.028	1	0.0283	0.153	0	0.214	0.743	132.057	121013	4	acoustic punk
5rdhlwd5nFSEAmK994GAjb	0.288	0.479	9	-9.506	0	0.0485	0.178	0.00324	0.079	0.164	69.986	257143	4	candy pop
1Z2ZDO94ge4jx8oPE2FDEr	0.595	0.722	7	-6.916	1	0.0455	0.571	0.00205	0.363	0.336	87.046	349952	4	classic city pop
5LAAykvFusHpsTd03OgqPw	0.331	0.237	8	-7.785	1	0.0288	0.656	5.64e-05	0.113	0.205	165.863	245533	3	neo mellow
2OazFN4VRGMQe09Z71Yqqa	0.772	0.586	0	-8.506	0	0.237	0.244	1.84e-06	0.0873	0.473	95.048	185323	4	rap espanol
7mxFrMPSny84bnr3DtYMGe	0.301	0.985	1	-11.605	1	0.478	0.766	0.000202	0.641	0.0104	157.12	186272	4	new jersey indie
0fgo0gm0phk8OK4u7fqB48	0.538	0.479	7	-12.076	1	0.0281	0.211	0.881	0.109	0.341	152.03	183303	4	chillhop
56DNCYjmHdaWpLaSm4qccK	0.693	0.84	11	-5.217	0	0.0597	0.00015	0.881	0.105	0.327	131.98	334545	4	edm
2HVxJRPSq0gwXiOOlgbyXo	0.72	0.609	2	-7.552	1	0.346	0.0157	0	0.0947	0.405	149.89	184011	4	atl trap
0NXV6jrvQIpAdZeW9HGvAw	0.746	0.488	1	-6.309	1	0.0911	0.162	1.4e-06	0.125	0.614	106.038	309814	4	anime
1oLMC3cBot39A4Kv4tHFf9	0.536	0.708	2	-7.957	1	0.0413	0.0207	9.09e-05	0.11	0.186	128.921	248977	4	modern alternative rock
6d4MZsxugjJJ0lNm2AgHpy	0.426	0.624	8	-4.441	0	0.0333	0.738	0	0.346	0.432	171.868	209389	4	chill r&b
7CF5LTcYYchuzjBEqigIAj	0.248	0.447	1	-9.405	1	0.0367	0.0534	0	0.312	0.0727	98.751	126641	4	australian pop
5GFPmoCDcfnGL36ojE6ohq	0.343	0.0451	4	-22.942	0	0.0479	0.993	0.922	0.103	0.134	70.478	216047	4	classify
7MEOwrhgFZbL0lb1HH3gml	0.511	0.221	8	-15.902	0	0.0601	0.787	0.9	0.111	0.504	118.092	146705	1	chill out
4Rge4jfQPSkm4YkjWvotJT	0.532	0.941	8	-3.829	1	0.121	0.0034	0	0.286	0.371	144.008	219083	4	comic
33Hs4PhuhfNUYlxlJxOztt	0.441	0.262	2	-10.458	1	0.03	0.91	0.516	0.102	0.186	139.925	294220	4	latin christian
7x1fvOgNntp5jF08r6s4ma	0.283	0.688	4	-6.811	1	0.0312	0.0396	0.0256	0.253	0.379	139.039	297320	4	album rock
090aLOhr7hkYc15Qvk9GSn	0.651	0.762	9	-6.084	1	0.0284	0.121	0	0.167	0.292	109.959	172067	4	alberta country
7682ZaKksp9zQnpfDkzysj	0.449	0.733	9	-7.006	0	0.0396	0.000862	0.922	0.0911	0.0593	124.995	204919	4	disco house
7mmlzZda2RRagJ7gBdydjg	0.377	0.416	0	-15.447	1	0.0337	0.233	0.000158	0.638	0.437	88.352	315333	4	psychedelic folk
6zy192eHR0jvYzKzVQs2qL	0.321	0.601	4	-8.328	0	0.043	0.252	0.000565	0.957	0.327	161.82	376555	4	saskatchewan indie
7nFta4LZyL0MTDDqbjiQW2	0.671	0.806	0	-4.088	0	0.221	0.242	0	0.115	0.154	133.592	116600	4	argentine hip hop
13ldRHqXsxvnHdsfGahK4O	0.667	0.803	8	-5.327	1	0.0667	0.194	0	0.0849	0.42	170.069	245000	4	greek pop
4e2xEJy583OGv2FbwHGWIy	0.812	0.635	1	-5.631	0	0.0314	0.548	0	0.0907	0.96	140.07	226612	4	bachata
4yPSmYm0uVB7xewLzXtCkJ	0.545	0.582	11	-7.035	0	0.232	0.549	2.16e-06	0.111	0.477	84.028	181852	4	alt z
2bld5oTLHmItsc74Wz15qQ	0.349	0.96	1	-3.596	1	0.112	0.000862	0.0758	0.399	0.27	169.982	334139	4	edm
5uj6nQbQNtKV3BKInIVbAU	0.718	0.694	1	-5.76	1	0.163	0.329	3.07e-06	0.0535	0.965	152.973	205000	4	anime rock
55TfPKgtkovhAtDyqIMiEL	0.846	0.774	5	-6.359	0	0.0425	0.252	6.1e-05	0.0705	0.965	121.998	235080	4	italian disco
083Wq4PcA7uG9FJS9zPn1y	0.549	0.304	11	-26.925	0	0.0635	0.146	0.275	0.368	0.239	80.246	36000	4	indie pop
1Jd19dCZBVbpQNMuAUntAK	0.437	0.973	10	-2.325	1	0.233	0.00292	0.00197	0.155	0.334	164.945	163576	4	diy emo
7GvEcIzQRjYFpL4yqce0F5	0.83	0.568	10	-8.394	1	0.0407	0.732	0.831	0.0441	0.962	118.431	173166	4	french jazz
0KlKYTupXUKaqAH8tQEp0m	0.577	0.549	1	-14.355	1	0.0318	0.829	0.881	0.0848	0.0502	118.015	201356	4	uk dance
7cls5t47NYg0pfP1djxGu5	0.729	0.617	3	-9.044	0	0.0483	0.125	0.00138	0.115	0.693	108.387	136760	1	alternative dance
6887guU4Q7aVTTIQrmqiiC	0.66	0.84	9	-4.833	1	0.293	0.00965	0	0.35	0.59	124.016	189687	4	viral rap
2wrIPLNaUfkjlUo8JqBigd	0.541	0.357	1	-9.624	1	0.0255	0.419	0	0.101	0.306	79.898	223533	4	classic italian pop
2qNlRCj3aYS5sx4XA89L8w	0.678	0.627	8	-7.862	1	0.0305	0.658	0.429	0.0848	0.783	112.028	237080	4	smooth jazz
2Ek66IsSxzDQdCG0Qee1x3	0.687	0.748	9	-5.648	0	0.0341	0.249	0	0.287	0.825	132.004	193004	4	chanson
6q4yJfdPmQh5OkzJHrj538	0.562	0.0429	2	-21.516	0	0.0708	0.993	0.945	0.119	0.264	111.163	134302	3	compositional ambient
1vPaFVYwBaI47DHigQHFPp	0.516	0.467	0	-6.184	1	0.0302	0.662	0	0.0853	0.386	132.861	173307	4	alt z
4z4EgsdfMl2YD0g0TeKIDY	0.685	0.485	4	-7.755	1	0.0272	0.151	0	0.11	0.526	85.045	190440	4	contemporary country
5AU6psoPKvjkfgISTSrbCS	0.395	0.421	0	-12.227	1	0.0301	0.115	0.527	0.102	0.135	131.79	246053	3	deep new americana
0DnYgTugNUhBcALAkNvwz1	0.494	0.844	9	-9.465	1	0.06	0.00656	0.254	0.663	0.787	191.111	239803	4	funk
2Ff8IdMxPJHReQwlqST6bA	0.65	0.746	0	-10.698	1	0.0301	0.0194	0.693	0.342	0.745	118.61	356693	4	alternative rock
6y83RRW0DtYFtGwIBQFSzl	0.419	0.902	3	-7.656	0	0.0657	3.07e-05	0	0.206	0.312	141.83	235213	4	german metal
2EULDfdBQhz98FI78SMkE7	0.512	0.0827	3	-19.452	1	0.0755	0.953	3.87e-05	0.0638	0.294	66.121	178813	4	art rock
60Gk2Y4Jbr72NM2HiAMEkB	0.557	0.0614	0	-17.789	1	0.0409	0.959	0.854	0.0897	0.613	111.801	120000	3	christmas instrumental
0fNPQfj9nmAgbzFfRv0bmm	0.676	0.754	1	-6.272	0	0.0448	0.00242	0.905	0.107	0.395	130.974	285802	4	dark techno
65IGYjWJG1Esvl5vA8UTqA	0.676	0.792	2	-4.291	1	0.0377	0.000214	0.346	0.101	0.866	101.197	80405	4	chillhop
5aB9F7Ku4KwzuvEmQqXnPI	0.394	0.42	7	-6.892	1	0.0281	0.841	1.57e-05	0.139	0.317	148.488	205000	4	c-pop
6N8AtnRA7Rx0svrgZtafn3	0.502	0.734	6	-7.073	1	0.0663	0.46	0.000597	0.0695	0.821	158.082	213730	4	cantautor
5Lpkr4t5096HDHqJYiNnJy	0.611	0.51	0	-6.827	1	0.0589	0.0978	0	0.167	0.37	125.874	246817	4	dancehall
2SUasDLNERhI1pHlaUkQyn	0.273	0.984	4	-5.065	1	0.127	0.000508	0.0928	0.324	0.432	136.516	177293	4	chicago punk
2evdaJj8y2xdWuCTBroDqw	0.874	0.633	0	-7.559	1	0.205	0.655	9.32e-05	0.113	0.541	108.002	174202	4	indie hip hop
7t1G99WL9EwCX6QQlUy0mx	0.759	0.284	9	-13.825	0	0.109	0.982	1.09e-05	0.0841	0.814	93.704	140840	4	swing italiano
6tM8U3ssiYoxV8quD5V5yj	0.788	0.701	10	-8.948	0	0.116	0.00102	0.000212	0.0817	0.384	101.004	214763	4	j-rap
0Uj8qlu6eTGKd6FIVGrwhZ	0.519	0.283	0	-8.641	1	0.0251	0.735	0.000262	0.412	0.129	70.006	214286	4	toronto indie
4O4WrsiKj5fXuCs560vT2l	0.342	0.816	9	-9.238	1	0.0785	0.000939	8.16e-05	0.148	0.384	156.986	241334	4	alternative rock
37NLfjXElUsgphddMSvUdc	0.653	0.985	8	-1.072	1	0.22	0.0808	0.00261	0.143	0.299	150.068	217600	4	dubstep
4vKHwoDI7ylbBnTlEpKmw1	0.717	0.57	5	-5.459	0	0.161	0.114	0	0.2	0.894	134.018	248760	4	canadian pop
7pR8QYcqvKtFPkB8JSEa66	0.413	0.181	5	-11.399	0	0.0297	0.939	0.837	0.137	0.148	69.962	276320	3	jazz composition
2wJwCrie7euxtBIl1uZGXi	0.429	0.91	1	-1.948	1	0.0364	0.000329	0.552	0.106	0.295	175.992	245114	4	electro house
5kTX2ULivqzptDKgIQlivY	0.611	0.576	0	-5.144	1	0.0356	0.395	3.79e-06	0.0814	0.409	157.599	308880	4	classic italian pop
5l5MmlrPtEGxkhDttuAI8C	0.798	0.604	8	-12.167	1	0.0862	0.036	0	0.961	0.509	96.037	229273	4	latin worship
64PQYii0URHzVIilIz267c	0.557	0.85	11	-3.377	0	0.0327	0.00952	0	0.223	0.657	162.903	205573	4	alternative metal
2SXSGHmGUm88mtvK3GROf8	0.401	0.732	5	-6.356	1	0.0747	0.445	0	0.276	0.893	68.097	175114	4	corridos tumbados
6oXL8AqdgRPVaRLvzLcD7h	0.482	0.194	0	-12.476	0	0.0298	0.856	0.000151	0.725	0.224	135.399	210813	4	folk-pop
71cCJsI7bUL9r8Ayuavnd7	0.274	0.985	2	-2.519	1	0.0888	4.14e-06	0.00917	0.181	0.206	100.859	197391	4	alternative metal
5IviyCd7ygVHaznO30rgql	0.395	0.768	2	-2.81	1	0.0311	0.117	0.0204	0.286	0.25	142.022	294015	4	indie pop
5mAQyL3DBWxpNtpBU4LL6m	0.893	0.93	6	-3.047	0	0.138	0.0491	0.035	0.0685	0.823	135.006	194222	4	chutney
4qI524zUSNUYbS7EbR8v1c	0.418	0.858	1	-6.847	1	0.634	0.238	0.00478	0.591	0.266	181.484	121820	4	brisbane indie
1ZmHZku3Vg67QNFz0Cp7rH	0.617	0.845	8	-4.573	0	0.0328	0.00337	0.00139	0.0668	0.577	109.988	246253	4	latin arena pop
0jD8zIhezzCPNshIloy5UK	0.229	0.0568	6	-26.308	1	0.0437	0.985	0.11	0.225	0.17	135.876	119779	5	british choir
5buFl3aUQdWh86TsXDizNA	0.568	0.799	2	-7.797	1	0.0442	0.000785	3.37e-05	0.228	0.559	95.546	163874	4	outlaw country
1wYcRIqGxrhjv6SrsVBLvd	0.564	0.633	1	-5.784	1	0.0359	0.213	0	0.115	0.379	124.9	196085	4	desi pop
3GYhg32kavzF1DerKOeJik	0.417	0.634	9	-7.181	1	0.0482	0.0173	2.03e-05	0.113	0.322	152.651	291533	4	new americana
62XTJv8s7vZoSVWMGkhoHx	0.848	0.661	7	-8.689	0	0.0376	0.511	0.948	0.202	0.793	126.019	190839	4	antiviral pop
5w4HN8LRovhP7dP6xjGiTd	0.59	0.472	7	-9.303	1	0.023	0.317	0	0.0784	0.359	87.016	252360	4	europop
0YZMX0OivReI7cZqo3IdsS	0.724	0.373	6	-6.017	1	0.0592	0.516	0	0.0971	0.349	85.019	299294	4	taiwan hip hop
72Fwyj9tBVsSTVLbMe3T8R	0.592	0.889	3	-7.477	0	0.0462	0.0066	0.493	0.216	0.587	119.995	356066	4	funky house
4KGTBmvE3Khv2y145bO92p	0.631	0.389	0	-9.425	1	0.052	0.813	2.14e-06	0.12	0.425	80.036	193107	4	alternative country
4NlzU2PHUgCDuaTt3DI2ra	0.745	0.325	10	-13.344	0	0.12	0.0762	0.693	0.115	0.575	86.45	176808	4	lo-fi beats
4JDZ64wZcvF1ObcuDZ1LVQ	0.621	0.459	8	-15.593	1	0.0256	0.164	0	0.0442	0.912	101.989	240000	4	irish country
6aPySSZdGIxmVBTD7oQjCA	0.509	0.807	4	-8.443	1	0.0999	0.275	0.704	0.22	0.775	147.34	253427	4	art rock
0AXJkw0zQDSN03vMevQYEh	0.437	0.802	3	-7.099	1	0.0618	0.00459	0	0.0988	0.445	148.058	271773	3	ccm
3lSLTBBOqcH9vZpzZb747j	0.718	0.411	10	-12.436	1	0.0697	0.895	0.962	0.109	0.707	80.02	207713	4	chillhop
4ePbIoicLDkP1pQPPADmLp	0.479	0.281	7	-15.306	1	0.0368	0.156	0.5	0.108	0.211	91.863	359834	4	bebop
6i49aqgACtU0wGSLSH1WOj	0.307	0.998	9	-6.142	0	0.135	7.27e-05	0.00776	0.426	0.047	119.049	313680	4	alternative metal
2tQMRQYlnvy0feZnNKtOXg	0.598	0.929	2	-3.031	1	0.041	0.315	0.955	0.339	0.155	100.029	235294	4	gaming edm
5wTxHTz8oaQOLDz0fI0X5e	0.877	0.78	5	-5.816	0	0.0468	0.386	0	0.123	0.934	127.009	243300	4	jawaiian
4KjGsYPDz6OiJmsyyGVTyW	0.346	0.818	6	-5.593	0	0.0667	0.000319	3.33e-05	0.815	0.146	82.593	271267	4	nu-metalcore
2Nkc5zaS9oUrCz0SMSmV9Q	0.773	0.397	11	-10.273	0	0.0359	0.0569	0.0457	0.0861	0.377	121.976	183650	4	chillhop
7E6UP1wsLu2tnCcJEom1xE	0.819	0.316	2	-11.658	0	0.0762	0.309	0.00086	0.134	0.623	80.003	155080	4	bedroom pop
6p2QBGXzjgtZTLruAJ5Qw1	0.682	0.716	0	-6.548	1	0.0632	0.0192	0	0.275	0.607	93.153	130788	4	canadian pop
5Ys1fBry92HBc0FBoGEgNZ	0.844	0.565	4	-7.075	0	0.167	0.647	6e-05	0.063	0.0767	103.877	158746	4	alternative r&b
3ESqaYfqxpAFBaSY8DRPpg	0.596	0.202	10	-21.831	0	0.0369	0.97	0.872	0.105	0.534	133.113	259500	4	future funk
3CuCZo5XcwYTmoGio7GvD1	0.823	0.687	7	-7.284	1	0.0807	0.0909	0.000248	0.145	0.592	87.015	202173	4	jawaiian
570NPFCzlYS5sA1i4DV11Z	0.681	0.174	1	-8.745	1	0.0315	0.837	3.35e-05	0.0983	0.231	112.672	260285	4	neo mellow
4AYMc9ugGKHMv3ROxeyTa6	0.516	0.941	11	-4.417	0	0.0357	0.000514	0	0.0768	0.888	170.025	132893	4	bay area indie
3V0psPzZ73wCDh4BmM7izM	0.632	0.68	9	-5.281	1	0.0342	0.344	0	0.111	0.317	134.041	197000	4	mandopop
6dVNt1wFiTDASbYFfZJC2E	0.597	0.926	4	-6.48	1	0.0632	0.53	0.00154	0.0768	0.567	96.128	186214	4	album rock
78b8Nqt1frjFc0WGqZJw3b	0.615	0.725	0	-6.8	0	0.194	0.000728	0	0.138	0.356	187.998	204289	4	redneck
4ep74eXJCzhlqSuGUyA4sL	0.888	0.326	0	-12.112	0	0.0911	0.952	0.937	0.101	0.192	85.007	90304	4	lo-fi product
0HhfQlWdm5eNaOkDmlB8eE	0.823	0.699	7	-7.451	1	0.0511	0.118	0	0.102	0.115	101.96	180000	4	reggae rock
4kXoy0Pbw9Kr9uVD0ttpfF	0.7	0.689	7	-5.69	1	0.0415	0.25	0.00336	0.34	0.647	146.37	269670	4	classic city pop
2kwZV9W73l6lXLWBoYVrmn	0.554	0.954	10	-3.859	0	0.0814	3.98e-06	0.891	0.187	0.675	114.041	246540	4	alternative metal
5rIhdR1Gkn06isSS5RRP88	0.777	0.786	0	-8.752	0	0.0804	0.0147	0.496	0.0866	0.391	67.626	178992	4	trival
7uV7feIzEHk0TS1xWw4zwU	0.425	0.938	8	-6.223	1	0.0917	0.00254	0.0353	0.207	0.151	146.01	255238	4	german metal
4SPym6Me2D6FERRRp49yX1	0.631	0.875	2	-3.237	1	0.0367	0.216	5.13e-06	0.385	0.801	133.003	201973	4	contemporary country
4L0xM9iRod5mxk325ch4ee	0.544	0.919	8	-4.1	1	0.0628	2.41e-05	0	0.148	0.391	104.073	192000	4	alternative metal
5i6Q9biX74li96KuWTkAX5	0.731	0.447	1	-10.407	1	0.0772	0.632	0	0.109	0.633	92.049	246132	4	broadway
4Q8lyulZ8zWXJEwJEOLmOw	0.585	0.88	0	-4.617	1	0.227	0.277	0	0.352	0.259	77.688	201568	4	redneck
6rPRMoLMEyWGJU0hQ70rpN	0.742	0.626	9	-5.774	1	0.0354	0.00196	4.43e-06	0.253	0.466	112.032	234867	4	german pop rock
5UE4eAuZwSeQR9es5X8IDH	0.849	0.523	5	-13.636	1	0.104	0.666	0.931	0.114	0.0556	98.999	136661	4	lo-fi cover
5gGwonjHqVjeGwkeOF8V0p	0.527	0.848	11	-4.304	0	0.0538	0.00217	0.018	0.316	0.532	125.007	330814	4	j-indie
7nstOMU8yrujqnKXCGslvh	0.376	0.616	4	-9.201	0	0.0586	0.000945	0.00232	0.249	0.651	76.448	100392	4	experimental hip hop
5GWHujc41JAjaiH6gcCjgu	0.604	0.624	1	-9.847	0	0.0744	0.44	0.773	0.0754	0.2	105.001	380815	4	edm
5V4ewSVZN6a0wOfWTBZJxq	0.528	0.895	4	-9.063	0	0.0499	0.000301	0.317	0.136	0.475	148.475	243960	4	alternative rock
5y1Qc7fl3WoEoQN7PhAhVD	0.211	0.0993	9	-20.303	0	0.0384	0.984	0.799	0.0915	0.0516	147.203	256907	3	bow pop
04hkUnA5TXyxn3ffHZAaLv	0.825	0.24	10	-16.4	1	0.506	0.467	2.87e-06	0.11	0.153	140.126	140527	4	plugg
3Wrjm47oTz2sjIgck11l5e	0.714	0.8	11	-4.808	0	0.0504	0.127	0	0.359	0.589	134.002	211560	4	indie rock italiano
5bRLXNij9ak7GSYwOMBCmo	0.943	0.493	10	-9.029	1	0.082	0.05	1.92e-06	0.0868	0.764	130.061	136609	4	viral rap
3pSh3swjol5iO5KGcMtjGM	0.538	0.332	5	-15.421	1	0.0339	0.896	0.0997	0.126	0.243	146.493	57647	3	instrumental math rock
5HCyWlXZPP0y6Gqq8TgA20	0.591	0.764	1	-5.484	1	0.0483	0.0383	0	0.103	0.478	169.928	141806	4	australian hip hop
6gH8HEg6tqVRlF63iD1t94	0.714	0.532	1	-4.994	1	0.313	0.00133	0	0.178	0.147	161.924	133295	4	aesthetic rap
6tDDoYIxWvMLTdKpjFkc1B	0.653	0.524	11	-9.016	0	0.0502	0.112	0	0.203	0.553	83.97	160191	4	colombian pop
3i4NRHhHpe6CBjalVjaZeT	0.501	0.615	9	-10.53	0	0.0623	0.676	0.56	0.0781	0.115	124.049	222880	4	chinese indie
4Dku5HwdwweHyc9LrOL4AB	0.719	0.566	1	-5.951	1	0.0354	0.207	3.71e-06	0.105	0.408	93.984	168340	4	electronic rock
0TzrlL8kArhFclPSd9fin2	0.707	0.891	8	-5.769	0	0.176	0.0542	4.68e-06	0.144	0.67	140.059	126857	4	dark trap
3qoIFRDT4gsRdkbh9R3Fzf	0.767	0.792	6	-5.205	0	0.239	0.0716	0	0.0676	0.767	130.95	205913	4	memphis hip hop
3Ofmpyhv5UAQ70mENzB277	0.778	0.695	4	-6.865	0	0.0913	0.175	0	0.15	0.472	149.996	132780	4	australian hip hop
7dwc5usJoesZ7SmZ9TNnKa	0.663	0.568	0	-10.391	0	0.608	0.203	0	0.152	0.363	84.07	98247	4	nyc rap
7eVu7FI02cTicLEgVtUvwF	0.823	0.923	9	-2.875	1	0.158	0.127	0	0.0571	0.629	122.922	177413	4	k-pop
3rmo8F54jFF8OgYsqTxm5d	0.807	0.893	11	-3.745	0	0.0347	0.0451	2.79e-05	0.366	0.537	126.011	230747	4	pop
3ANOQpQLmv4xAyxLSOk9HC	0.799	0.586	1	-10.01	1	0.381	0.553	7.75e-06	0.129	0.765	143.034	164476	4	magyar trap
5WxAzM8oWbgBGLaqb2GJr5	0.732	0.667	9	-8.136	0	0.223	0.0636	0	0.41	0.492	87.967	180000	4	haryanvi hip hop
1mzksDZCotNZY6Pz1zgdld	0.396	0.473	2	-9.566	0	0.0485	0.899	1.17e-05	0.109	0.335	112.171	168733	3	monterrey indie
5B0VPkUgRy54p9TassurNo	0	0.417	7	-51.08	1	0	0.908	0.973	0.0953	0	0	158984	0	white noise
3YJJjQPAbDT7mGpX3WtQ9A	0.436	0.655	1	-8.37	0	0.0583	0.499	8.1e-06	0.688	0.412	121.002	279204	4	pop
17GqzsZOWM2j9qqAis7rkj	0.821	0.692	1	-4.616	1	0.149	0.0392	0	0.323	0.191	146.882	90539	4	florida rap
2dgbGjFtZzUMq6iyDC39a6	0.446	0.138	5	-20.528	0	0.0356	0.948	0.961	0.103	0.124	125.152	128814	4	neo-classical
2Y0iGXY6m6immVb2ktbseM	0.705	0.712	6	-6.156	1	0.0385	0.0102	0.000855	0.1	0.62	97.512	299960	4	alternative dance
3vBm6K0gBbMKnV5bCod78j	0.737	0.771	9	-7.657	1	0.0509	0.0259	0.0667	0.556	0.246	126.005	191429	4	dutch house
3vDxu7xkP5fUOz2e0uLZnY	0.759	0.793	2	-4.588	1	0.0781	0.0346	1.97e-05	0.197	0.438	103.478	160290	4	pop rap
4L2XbB6fSJINymzF5Q4x5F	0.353	0.236	0	-17.894	1	0.06	0.94	0.625	0.686	0.221	149.938	1221000	4	baroque pop
1sGb06RxV8mu6Udycy8DFP	0.862	0.258	5	-8.896	1	0.0602	0.818	0	0.453	0.956	123.582	155000	3	singaporean pop
5HVcGw39gGu7Rp0GmfoKtp	0.813	0.631	6	-7.618	0	0.038	0.075	0	0.0769	0.258	129.951	210462	4	trap soul
3FAJ6O0NOHQV8Mc5Ri6ENp	0.449	0.465	0	-8.964	1	0.0791	0.524	1.02e-06	0.303	0.543	89.087	198371	3	pop
4eGzsvEF7PcgphxLjnPGSW	0.753	0.483	2	-7.821	1	0.43	0.21	0	0.159	0.228	82.719	240040	4	trap queen
27NovPIUIRrOZoCHxABJwK	0.736	0.704	3	-7.409	0	0.0615	0.0203	0	0.0501	0.894	149.995	212000	4	lgbtq+ hip hop
70TigsZds7Z65Oeabl23tG	0.658	0.772	7	-9.105	1	0.344	0.0126	0.00941	0.524	0.227	103.618	116010	4	flint hip hop
7L1s4OuGGhQb8jHTGx4ujg	0.478	0.779	1	-6.085	0	0.412	0.119	0	0.283	0.482	179.997	694539	4	chinese hip hop
07MDkzWARZaLEdKxo6yArG	0.773	0.47	2	-7.93	1	0.0299	0.0153	0.000193	0.0851	0.399	94.995	162680	4	modern alternative pop
6NBbpQfD2MZcCNBOy7iE7Q	0.652	0.916	1	-1.511	1	0.034	0.429	0	0.124	0.713	127.97	261187	4	k-pop
1rcxltU3Mzn8gN6Z8ly9Zh	0.658	0.67	7	-7.093	0	0.0255	0.499	0.0071	0.256	0.696	95.3	233559	4	indie garage rock
10hcDov7xmcRviA8jLwEaI	0.664	0.609	1	-6.509	1	0.0707	0.304	0	0.0926	0.194	130.041	210560	4	dance pop
3iJQ2siP6IDSIRMSuoDNtE	0.842	0.708	1	-5.472	0	0.041	0.263	0	0.26	0.654	124.009	229863	4	city pop
2GvLyDU1EGilApPUrycFbl	0.739	0.6	10	-9.547	0	0.469	0.0305	0	0.155	0.514	94.804	469895	4	uk drill
0gplL1WMoJ6iYaPgMCL0gX	0.604	0.366	5	-7.519	1	0.0282	0.578	0	0.133	0.13	141.981	224695	4	british soul
7BoobGhD4x5K96Me0hqC8Q	0.855	0.463	3	-7.454	1	0.0367	0.217	1.77e-05	0.347	0.866	102.931	122773	4	modern alternative pop
7sIJb8baUSRvZaPbOqiBsZ	0.716	0.653	7	-8.139	1	0.288	0.21	1.36e-06	0.264	0.644	79.907	276532	4	chicano rap
7kDUspsoYfLkWnZR7qwHZl	0.731	0.675	5	-5.134	0	0.0434	0.00473	0	0.141	0.298	124.939	139461	4	ohio hip hop
5sl54IOIFJjDQOkb1gpNh4	0.626	0.697	8	-8.067	1	0.409	0.234	0	0.243	0.42	153.984	250985	4	polish alternative rap
4a0OYMqeBOGuzCPLg5SfWU	0.468	0.637	10	-7.618	0	0.216	0.862	0	0.384	0.123	87.998	230187	4	k-pop
1uCs86g5YxZlbkBucqabEn	0.443	0.685	8	-8.471	1	0.143	0.00372	0	0.306	0.544	113.455	109015	5	emoplugg
5JCPi4RCfkvLU4SuryHJUR	0.824	0.533	9	-7.294	1	0.159	0.162	0	0.132	0.45	114.112	187997	4	desi hip hop
2bqtw0aAjEpRcM1TymyUZb	0.757	0.726	6	-5.43	0	0.0559	0.54	0	0.273	0.686	114.002	247368	4	chinese indie pop
4CecVzmrcyOegjss4Mcw9Y	0.875	0.668	5	-8.342	0	0.241	0.169	0.0416	0.263	0.615	94.005	107187	4	japanese trap
1nSFjGQmrzJGbw0cJWZW8L	0.93	0.753	8	-3.821	0	0.334	0.0113	0.0143	0.0839	0.274	105.045	169169	4	deathstep
152sJgmftB46Q6IsDTUDLN	0.886	0.612	11	-8.848	0	0.13	0.192	0	0.0687	0.706	106.971	210960	4	opm
3idTdt1XuTjTsRVfYVnt3J	0.588	0.545	1	-11.115	1	0.0667	0.119	0	0.266	0.22	140.065	116143	4	art pop
11KHnqxnmOx8W5PyplVGrO	0.534	0.968	2	-5.346	1	0.0477	0.00016	0.85	0.189	0.273	141.974	186761	4	british soundtrack
2Au6JsEgl0wG07OthJoyXS	0.71	0.0573	9	-14.762	0	0.0415	0.99	0.0222	0.0769	0.542	138.129	130884	4	british singer-songwriter
2meZqF3E50rwCFb5iix26v	0.574	0.719	10	-8.1	0	0.426	0.0454	0	0.733	0.548	130.683	191687	3	florida rap
4Jnm8Rll5MPV6Minjpx28R	0.469	0.397	4	-10.828	0	0.259	0.53	2.42e-06	0.16	0.222	91.748	223394	4	thai hip hop
3C88gxRotQ5QVnWq7mh3nC	0.715	0.7	8	-5.403	1	0.48	0.0133	0	0.0905	0.156	150.038	118400	4	dark trap
6VxbyIletcMUQasrZnCtuI	0.883	0.477	1	-7.255	0	0.0497	0.299	0	0.112	0.332	128.948	243721	4	urbano espanol
6jY6OG7YBHKdYer4Q13DEs	0.803	0.88	9	-3.182	0	0.201	0.266	6.22e-06	0.0769	0.652	122.033	231197	4	cubaton
60NgBC3xyqgFYn3T3lNrOW	0.455	0.641	4	-10.07	0	0.265	0.676	0.00133	0.141	0.386	99.019	116454	4	flint hip hop
1dkpyoRgXX0uwjU1XUNvok	0.811	0.675	6	-7.064	0	0.088	0.289	0	0.124	0.0798	91.989	125217	4	milwaukee hip hop
5KryLWMkRcMFstJDZIczsm	0.595	0.777	7	-4.958	1	0.257	0.0662	3.04e-06	0.12	0.567	119.929	200250	4	j-rap
1a44S20hePx4jTBJyLINU5	0.301	0.926	1	-6.801	1	0.121	5.01e-05	0	0.0582	0.437	200.055	224320	4	german metalcore
7BAA2stprbayDqZ7eGZqUl	0.894	0.4	6	-8.189	0	0.0423	0.0843	0	0.376	0.969	116.014	192311	4	alternative dance
2sTEiEN6OTO9Xi7ZE2DFs0	0.658	0.987	3	-4.697	0	0.0821	0.000537	0.912	0.736	0.156	126.019	156190	4	dance pop
37iUkGjfyaJ6jlmmdp2yNV	0.66	0.774	2	-6.209	1	0.0418	0.562	0.000215	0.139	0.582	120.029	226859	4	genshin
6c5su2wOp9gx8j57GxDGXp	0.744	0.694	7	-6.275	1	0.0555	0.385	0	0.0978	0.744	91.014	182967	4	portuguese pop
0raTNC16IOr7k1iGVVxBtE	0.535	0.3	1	-12.136	1	0.0319	0.321	0	0.0882	0.213	101.034	197507	3	country
363rg2D7k0o8F39Kl9rEPX	0.302	0.468	2	-11.686	1	0.0453	0.615	0.828	0.624	0.358	81.249	340384	4	mexican rock
5jGpMgTMqNakbyLH786yK8	0.635	0.847	1	-6.09	1	0.0661	4.85e-05	1.54e-05	0.242	0.184	189.982	176901	4	atl hip hop
5tcHcgKHMfpXKYUMn7dgLR	0.531	0.958	3	-3.841	0	0.119	0.283	0.000812	0.177	0.527	155.055	117726	4	slovenian hip hop
3iNDuS3pLqqRqDTKyfTxmx	0.284	0.259	5	-13.283	1	0.0546	0.855	0.00887	0.117	0.443	146.288	73930	3	vintage italian soundtrack
0CfjR34wSvpDM31lVeoTPI	0.413	0.133	7	-13.143	0	0.0393	0.929	6.06e-05	0.088	0.24	59.634	137815	4	vintage italian soundtrack
6cs1wMC9I37duNQcPf16W8	0.155	0.237	4	-14.473	1	0.0347	0.814	0.72	0.153	0.185	88.809	148456	3	classic soundtrack
6VJE6vaZDrrSfDbfJoXSJH	0.209	0.264	9	-14.339	0	0.0379	0.405	9.32e-05	0.171	0.299	147.378	301558	3	lounge
6V3dOOUiPg53wUf83tBLR8	0.847	0.551	3	-7.132	0	0.142	0.06	4.37e-06	0.162	0.515	95.036	165994	4	k-pop
2f0gELbCVF6vuMBan9KsLN	0.257	0.19	0	-14.306	1	0.0341	0.719	0.699	0.106	0.149	116.536	150830	4	classic soundtrack
6s4SKfHInCaacxaJU4FHAk	0.191	0.672	1	-29.19	0	0.0498	0.218	0.841	0.921	1e-05	85.894	161539	4	ocean
3jxMZAfmp0mElt0HQpbEpO	0.845	0.731	0	-4.663	1	0.0366	0.188	2.17e-05	0.138	0.834	121.018	237505	4	bachata
01y5BLAsXWirQHZdWluxM0	0.564	0.844	9	-2.996	1	0.0797	0.0686	1.43e-05	0.226	0.641	114.965	196053	4	art pop
7nP9X2rq5l8z1kXYDS4I7p	0.268	0.312	7	-13.94	1	0.035	0.883	0.0416	0.561	0.0846	77.837	52980	4	classic soundtrack
1WgYSfn3PT6ylq2aU2cJrZ	0.704	0.456	4	-12.364	0	0.0462	0.839	0.00415	0.318	0.888	98.969	165868	4	otacore
1KtasGfNyxrf9xmANm8lYs	0.355	0.99	1	-3.327	0	0.183	0.00507	0.356	0.0896	0.184	127.148	204375	4	big room
6E1VvKBTi0FtLhE8b6GxbE	0.643	0.968	4	-5.323	0	0.0589	0.029	0.0426	0.0994	0.23	126.028	288239	4	deep disco house
5dElQ5GWEMl9BvEn3bsULT	0.548	0.858	1	-2.435	1	0.0757	0.185	0	0.251	0.774	138.026	196804	4	pop rock
2hJRfyYiJ8umxp1WdbeyLj	0.804	0.476	11	-13.48	1	0.0947	0.335	0.891	0.0971	0.276	122.033	186885	4	electra
05NcFvbmsIEHSSiu0YN8HU	0.54	0.669	7	-8.711	0	0.0285	0.231	0.0466	0.23	0.264	90.032	280000	4	chillsynth
2LNs7mkKPbvwKO3qGuK2oD	0.351	0.0058	9	-30.991	1	0.0505	0.993	0.83	0.128	0.047	165.578	140267	3	classical
54Gc7ov5yGRn4iaGOph0jJ	0.841	0.886	9	-3.349	0	0.0709	0.236	0	0.325	0.952	127.035	226772	4	puerto rican pop
2xegU9fuHLFtqU01bTsluG	0.618	0.595	0	-6.925	1	0.0283	0.00114	5.39e-05	0.111	0.406	145.965	233453	4	nz pop
77J234HlWAZA4scq7BAOhq	0.487	0.401	4	-8.835	1	0.0294	0.0975	8.28e-05	0.0805	0.32	61.988	253681	4	japanese dance pop
1jkNF7kVO0tzNiGXzpC6fQ	0.647	0.719	9	-6.859	1	0.0437	0.196	0	0.134	0.4	104.003	198381	4	desi pop
0syu8wCq8DCVMRe3pHQTAI	0.743	0.88	9	-6.848	1	0.3	0.0986	0.617	0.0725	0.0987	140.018	182571	4	dubstep
5lnmMdUf1ifC0Oa8wsKuyW	0.592	0.333	3	-7.344	0	0.0317	0.61	0	0.136	0.701	80.077	99271	4	k-pop
1FY2Ajg1MtXK05qxXD2q1O	0.571	0.504	11	-13.128	0	0.041	0.228	0.371	0.102	0.468	90.044	232000	4	healing
4oFAKcgvqmowxvTKGxPPJL	0.768	0.493	11	-12.669	1	0.4	0.0584	0	0.0955	0.5	159.96	103500	4	dark trap
2KwRMzefAHziMwQabFpKz4	0.307	0.199	7	-10.313	1	0.0297	0.538	0.0012	0.108	0.0387	81.872	542732	4	electronica
4bSAYfg1FpzIMnvAYBRQ5i	0.718	0.719	9	-4.363	0	0.127	0.541	0	0.172	0.84	116.274	159696	4	corrido
1gRqRvIyDWIkEuczfC4krI	0.589	0.913	10	-5.913	1	0.0365	0.1	0.00139	0.153	0.684	134.898	252821	4	album rock
2Bczh6OMMR3v0J288WVMdy	0.433	0.975	9	-2.244	1	0.151	0.000128	0.00056	0.188	0.297	92.561	209189	4	vocaloid
2qfGZ8nHtnKnClcBhejP44	0.514	0.965	3	-5.325	0	0.0476	0.000149	0.0153	0.96	0.661	115.989	289606	4	cyberpunk
0qujbJcE5lkpmGB8eqlxB8	0.442	0.9	0	-5.032	1	0.0529	0.0109	0	0.395	0.609	148.62	171067	4	pop punk
0yBuWeOyEp1SMk91Y89Uja	0.615	0.644	8	-8.595	1	0.0308	0.324	0.91	0.146	0.716	170.001	149823	4	chilean indie
5kHx4s1ykuT9cRFqjxK3aq	0.286	0.688	5	-7.575	1	0.032	0.0105	0.976	0.633	0.125	132.224	130606	4	american shoegaze
34z4LVILrnL20qBQ8WxxRL	0.464	0.272	10	-13.846	1	0.0345	0.768	0.000445	0.295	0.369	77.245	333041	4	classic soul
0H0iOExW3XWT5xVdfClsFr	0.741	0.787	5	-6.228	1	0.0525	0.217	0.0179	0.0835	0.771	91.993	255680	4	latin hip hop
1Lx7GpRpdmTZ9LJ5D51PKt	0.59	0.939	9	-3.159	1	0.0671	0.00189	4.36e-06	0.269	0.451	103.661	78680	4	hardcore punk
6bk5cN36w1yP6OGkzVwdRz	0.429	0.0776	8	-16.299	1	0.0404	0.994	0.866	0.126	0.275	122.958	196331	3	bow pop
37w0Klo4bOTw6A0xzWFB5C	0.655	0.522	8	-6.47	1	0.0483	0.0616	0.000214	0.111	0.644	74.893	259587	4	opm
1jU5Ayy7dAas9ONSUqMOuj	0.781	0.586	0	-8.401	1	0.048	0.186	3e-05	0.268	0.596	118.018	271804	4	classic city pop
7kKBqW4qjjCTTN7kWNCGHH	0.0564	0.0545	0	-21.348	1	0.0539	0.856	0.995	0.11	0.0742	61.07	109415	4	background music
7eILK1xITxna8njNlgi1s2	0.427	0.905	6	-4.311	1	0.0569	9.25e-06	1.73e-05	0.0953	0.805	192.01	254457	4	alternative metal
5TiccyqzGAFhrouBhrXVkH	0.277	0.906	4	-4.025	0	0.0871	0.000302	0	0.352	0.38	189.926	205020	4	anime
61zbxB39zUY5oxBvEvvMYv	0.5	0.295	7	-12.971	1	0.0384	0.859	0.00511	0.197	0.247	125.718	202513	4	argentine rock
2UkumiPYtlMwRhGG3k7ckZ	0.634	0.614	11	-11.002	0	0.0381	0.404	0.00864	0.12	0.421	146.108	208707	4	shimmer pop
4q1kDcoPBynhwhzCtdBmMi	0.349	0.548	4	-10.312	1	0.0324	0.824	0.359	0.0965	0.271	73.836	378954	4	indie pop
3p5oo3HNZcICqYnPH7iT1C	0.554	0.475	7	-7.825	1	0.0271	0.651	0	0.115	0.368	143.839	230539	4	chinese talent show
5L2dd0GWhy2rXeGp0g5pnT	0.766	0.724	8	-4.892	1	0.074	0.546	1.87e-06	0.298	0.583	92.006	189158	4	korean trap
382vwoXF6ksNuaPbMYiQy6	0.757	0.707	0	-3.186	1	0.0316	0.313	0	0.122	0.62	113.992	257520	4	k-pop
1J2jVIwLc2cWR2S8Hx65AQ	0.304	0.472	7	-15.154	1	0.0735	0.9	0.831	0.138	0.534	178.607	91707	3	acousmatic
7vTne4h3Rxpk8lCRfcONXJ	0.42	0.621	2	-10.87	0	0.0287	0.854	0.917	0.108	0.626	123.851	182096	4	exotica
6LBCeYRAeqyV1L7bVNtt3h	0.697	0.795	6	-3.544	1	0.0425	0.174	0.000802	0.109	0.618	95.002	224197	4	v-pop
4AkFlsfMraGD7tARTIXFuy	0.598	0.629	3	-10.003	0	0.0429	0.578	0.00672	0.244	0.48	140.057	160680	4	drift phonk
6gO9T45Ljz1rQ4GR8KZDA4	0.205	0.484	8	-11.496	1	0.0351	0.0083	0.457	0.235	0.137	129.908	523453	4	chamber pop
775rylh4ReDNe0Z8q9iBsv	0.749	0.821	2	-5.611	0	0.0424	3.91e-05	0.859	0.132	0.486	123.04	132683	4	disco
3uzDcSwbuCwh2JxPieMuK1	0.54	0.629	9	-9.75	0	0.0325	0.00604	0.863	0.1	0.541	96.826	203120	4	classic soundtrack
6cPHaJHAL0c2PCzTuVYEf1	0.677	0.842	5	-5.345	1	0.032	0.133	4.12e-05	0.0756	0.324	114.998	316367	4	anime
301RVzUAczH5YmmRWoMdhI	0.524	0.478	0	-11.07	1	0.0426	0.312	0	0.0903	0.5	113.464	218222	4	art rock
2PvLLiwp1DIXC2XkwMQb0U	0.805	0.345	8	-10.908	1	0.0677	0.44	0.102	0.0887	0.663	85.019	214727	4	mexican hip hop
2W0DbzekRbeASpkhfLhHbi	0.609	0.614	9	-7.091	1	0.0309	0.0993	0.004	0.118	0.543	128.901	242893	4	classic rock
1s04eJAgrp8xYpKEnl74OS	0.746	0.444	8	-13.366	0	0.168	0.278	0.781	0.107	0.469	92.097	174307	4	chillhop
1tiwHXLy7IC0DrYmlLwG51	0.606	0.754	4	-7.658	0	0.187	0.0334	0	0.359	0.625	126.817	87553	4	australian talent show
6KHFGnQHrov16PvQhdWG37	0.526	0.262	4	-13.147	1	0.035	0.867	0.282	0.075	0.0656	134.953	209533	4	canadian indie folk
1mWGqTfD8eH4IjNkqTHz3N	0.647	0.639	2	-4.28	0	0.0471	0.0426	0.000166	0.0738	0.952	150.002	169312	4	classic k-pop
7rz71t9mmV30YrTqM0ZNRy	0.913	0.681	11	-6.495	0	0.0624	0.264	0.00185	0.074	0.91	107.115	270147	4	classic city pop
2YiQqpLGoqIE7jLIjm5FCv	0.602	0.638	2	-8.664	1	0.0287	0.577	4.46e-05	0.131	0.739	102.992	174804	4	albuquerque indie
3zyEstwLZ9czW67b8CyIAt	0.813	0.881	6	-5.26	0	0.264	0.153	0	0.0974	0.704	97.972	226943	4	chicano rap
6KJjxTIhCDduzSl3wwyasB	0.822	0.736	1	-3.969	1	0.15	0.157	0.000781	0.0748	0.679	175.93	181107	4	reggaeton
64F1Z2LAsf04V346A75hi1	0.503	0.743	10	-4.712	1	0.034	0.0671	6.85e-05	0.0984	0.313	174.002	209655	4	polish alternative
1gxAxZcHD5hp2uC7SbKglL	0.65	0.74	7	-5.613	0	0.0341	0.0181	0	0.069	0.331	108.016	186389	4	chinese indie pop
4HS63kwu5yxo70PZ0MvK3s	0.669	0.527	4	-12.076	0	0.0423	0.549	0.828	0.106	0.309	149.059	332377	4	smooth jazz
1HJetmQ4Y5weIgNHn49V9A	0.791	0.844	7	-7.961	1	0.0396	0.0249	0.00439	0.0907	0.625	102.988	398689	4	british soul
5IQT9mDVBUOKPMtWPp5l4C	0.441	0.565	5	-6.321	1	0.0332	0.377	0	0.106	0.162	149.471	220335	4	australian pop
14uWxelOuAUajP8fDvc0Ct	0.554	0.638	9	-6.449	1	0.0493	0.583	0	0.079	0.807	167.937	220438	4	pagode
4no8dLidydZyYviQkImfyP	0.779	0.458	11	-7.196	0	0.155	0.727	0	0.113	0.377	137.033	274919	4	latin hip hop
6oEaRE0ixR6vnzVVT28LgT	0.495	0.0597	3	-27.312	1	0.0455	0.933	0.744	0.152	0.0535	112.509	70774	3	background jazz
6FRkdVyc2XzW3DchGtWuc0	0.468	0.953	7	-4.249	0	0.126	0.00387	0.407	0.31	0.047	123.967	284516	4	drum and bass
0rnHta0BoZVqUpLy34iswo	0.574	0.179	8	-15.904	0	0.0554	0.808	0.802	0.145	0.348	136.017	123215	4	lo-fi beats
0F7RevfnLodjRXXXg7a69f	0.696	0.18	5	-28.671	1	0.914	0.987	7.05e-05	0.239	0.771	79.545	32093	4	alt z
5xDD6xL65xH0WugjRaX6E7	0.714	0.621	9	-7.005	1	0.0893	0.201	0.0192	0.0568	0.745	114.237	331040	4	japanese new wave
4P77jSLoRzmZfgULcVLc09	0.447	0.908	11	-7.588	0	0.0456	7.11e-06	0.901	0.15	0.385	123.995	61947	4	belgian edm
4cmGoOiC6y7kUenRgG1j4u	0.108	0.0703	0	-23.166	1	0.0415	0.887	0.923	0.109	0.0324	92.562	200613	3	ambient
5TG7qr0Fia6dVyfdDlaUFo	0.616	0.487	1	-9.722	0	0.0423	0.53	0	0.165	0.226	134.015	208205	4	anthem worship
4L8CPRqdzt8p0WEMdXOslD	0.696	0.638	9	-6.669	1	0.0369	0.412	4e-06	0.293	0.654	105.002	193809	4	ccm
6jdzQmRyZKXO7PHrvfK3xl	0.805	0.796	2	-6.256	1	0.0334	0.356	0.000326	0.371	0.906	125.023	231168	4	genshin
2vVH55LiGTD911NQ96XPJJ	0.714	0.864	5	-4.677	1	0.0326	0.0624	0	0.389	0.786	142.001	155599	4	christian pop
79Oq73fTzjwZfMnzsNrDXn	0.311	0.331	5	-6.32	1	0.0294	0.848	2.65e-06	0.11	0.248	167.817	183758	3	contemporary country
5q8NYiWltoEC0Ckf5nC11j	0.149	0.0993	1	-24.421	1	0.0409	0.97	0.955	0.0972	0.0382	70.362	218000	5	ambient worship
00s1QIKnD9kf9ba9VYcg4r	0.496	0.146	11	-16.987	0	0.0393	0.927	0.864	0.106	0.181	93.6	192925	4	chillhop
04cKkfqy4foZua6n0fAIC8	0.537	0.774	8	-6.525	1	0.0342	0.66	0.00255	0.107	0.55	90.009	191871	4	hopebeat
43HxFq1s8mXpNinMpT2uwM	0.599	0.633	9	-9.331	0	0.0304	0.325	0.000429	0.104	0.574	92.084	345750	4	album rock
7I6H7CIc21rhgA3htGbPPd	0.434	0.684	9	-6.123	0	0.0386	0.452	1.48e-05	0.328	0.186	83.929	242857	4	japanese vgm
2K6ODEb6dQ9MPf9LmRgar8	0.67	0.679	8	-5.235	1	0.0565	0.012	0.072	0.111	0.365	170.004	252360	4	big beat
7tcQ0bTrFU6cbhCtekaXWh	0.423	0.379	7	-11.823	1	0.048	0.656	0.0191	0.103	0.178	134.891	218339	4	indiecoustica
3CPxwueQ7z6udCtVXkwspL	0.652	0.398	7	-9.737	1	0.0577	0.855	0.898	0.116	0.1	86.731	127756	4	chillhop
5iUD1sepB3PxOxEJ4zZXCz	0.478	0.536	10	-7.915	1	0.0319	0.631	0.000102	0.145	0.256	116.826	231207	4	british indie rock
5L26cBeskObsyfEjioRdiv	0.508	0.442	5	-6.072	1	0.0291	0.704	0	0.119	0.173	141.982	243987	4	korean pop
47TFLCa75gmHLZndL0OXxJ	0.488	0.211	0	-15.018	0	0.048	0.765	0	0.136	0.574	95.781	166000	4	adult standards
3nbvj1GsaOHioiXwuPep3k	0.652	0.944	7	-3.532	0	0.0675	0.0237	0	0.0522	0.127	101.289	153778	3	melbourne bounce international
1vtpIOOXe7iq0kUXYcBn61	0.367	0.957	1	-2.215	1	0.296	0.00318	0.0474	0.637	0.213	77.578	330500	4	denpa-kei
5fVr0fJYLm3d2ZXoH0HdHD	0.594	0.789	3	-3.829	0	0.149	0.157	0	0.21	0.509	76.935	280519	4	comic
0DmEzg3O3uEWSPnCflPbD0	0.688	0.533	11	-12.869	1	0.12	0.00347	0.148	0.152	0.664	127.981	185630	4	future funk
2P7nyEiFTadg3wYjAu4oBt	0.778	0.232	6	-12.321	0	0.0827	0.133	0.851	0.0944	0.612	130.041	169692	4	chillhop
1XHHGmuKMoASN0Q6r2q7X6	0.574	0.762	0	-5.404	1	0.259	0.149	0	0.35	0.59	79.968	293350	4	nyc pop
7tR8JlKz6gad4OxQlNW9sv	0.432	0.977	10	-1.218	1	0.128	0.0169	0.000133	0.0758	0.234	128.049	245625	4	metal cover
7HS2hfb6tnzkcbUNYhXiZv	0.506	0.389	1	-5.287	1	0.041	0.76	0	0.113	0.503	131.78	165857	1	ccm
5csDa8BDHLS49URMYP3i7y	0.664	0.924	1	-5.296	1	0.214	0.0374	0.667	0.195	0.25	75.068	83189	4	dubstep
2yGXYdRK4ZnSPhvb2n6iby	0.712	0.727	0	-5.894	1	0.033	0.0262	8.03e-06	0.11	0.675	128.028	187969	4	canadian pop
53sI71bFwGU3p2RBeRxWcC	0.257	0.192	7	-11.02	1	0.0364	0.89	0.168	0.164	0.274	141.773	220520	4	bow pop
7l4I2psofkSStjER3nJN8g	0.553	0.202	8	-9.833	1	0.0324	0.739	0.877	0.107	0.237	72.032	149447	3	chillhop
25R2nJunmgKDhTxISg7bJQ	0.745	0.175	1	-12.701	1	0.0331	0.712	0.886	0.159	0.647	95.332	141174	3	space age pop
55zbh8DTg1np6DCJnxEcCG	0.89	0.834	11	-7.195	1	0.155	0.23	1.46e-06	0.554	0.757	120.005	162173	4	electro house
0MWragmw7l06QuiYuSLS1A	0.575	0.508	7	-6.752	1	0.0249	0.185	0	0.294	0.335	107.926	259507	3	classic rock
5wHBdHbrsZJfGv1FSgZBjg	0.526	0.643	5	-9.637	0	0.0778	0.501	0	0.09	0.549	171.842	188000	4	antiviral pop
385DGwXBspwtI6HfrG3XOM	0.836	0.637	7	-7.923	1	0.0973	0.0215	0.333	0.0996	0.733	124.0	184859	4	future funk
3axMSjadHpBnwP88DvQJdZ	0.384	0.371	3	-9.42	1	0.0338	0.312	0.91	0.122	0.132	126.86	208707	4	folktronica
2gDJ4KsEZOmlxV3jRigeBy	0.857	0.644	4	-8.852	0	0.103	0.0787	0	0.132	0.841	124.074	185232	4	mexican hip hop
5K5w2kMzaQ5b4Af2Vstxnp	0.597	0.56	8	-4.86	1	0.0255	0.521	0	0.103	0.366	93.025	187373	3	contemporary country
0tYTlo9ivyfohMzpR6O8Ux	0.316	0.358	2	-6.627	1	0.0292	0.302	0	0.0906	0.0883	103.091	196147	4	alternative metal
3UxFhvf7BDfZg45GZwnFX3	0.575	0.368	6	-7.436	0	0.0317	0.289	0	0.245	0.621	200.016	191115	4	canadian contemporary country
62EPXafHGwgJ9ImPWrDiD1	0.596	0.929	0	-7.04	1	0.0362	2.84e-06	0.242	0.453	0.543	128.009	60035	4	edm
11WgwGpyH5ddXoUtTZcFqK	0.418	0.258	9	-20.608	1	0.034	0.945	0.947	0.113	0.429	95.1	84050	4	anime piano
1B2FQ2tntp1udaUuHd5XUB	0.242	0.952	1	-3.73	0	0.441	0.0202	0	0.0925	0.167	155.142	333224	4	classic hardstyle
3FH6lgtcKyWDLOf4VgzPIh	0.431	0.373	4	-9.367	1	0.0253	0.146	3.46e-05	0.166	0.165	68.716	335440	4	electro
0mqnU9nVlic5lAPfvhgPEd	0.686	0.438	4	-10.305	1	0.06	0.428	0.487	0.3	0.437	142.782	193196	4	lo-fi jazzhop
7KHYbTAK5ymvr2cqtn299C	0.903	0.529	10	-7.913	0	0.307	0.0399	5.74e-06	0.151	0.739	88.766	266027	4	east coast hip hop
3ng9OPfgGK8vOrWmvIw2o2	0.196	0.144	8	-19.549	1	0.0389	0.841	6.24e-05	0.133	0.112	71.833	352600	4	disney
2SuXyqZXegiarBxFXTqoo8	0.279	0.467	11	-10.658	1	0.037	0.00669	0.561	0.0855	0.273	120.074	245804	4	art pop
2pwAilfT5Vex0xduMSvkKp	0.421	0.318	2	-12.954	1	0.0713	0.904	0	0.0939	0.226	83.289	155200	4	acoustic cover
39N0x2bHHkTqTUiI4iYOBl	0.543	0.944	3	-6.749	0	0.0443	0.000284	0.0396	0.753	0.393	130.011	81200	4	dubstep
04mGOddw9ui5j3jqWUSJSN	0.423	0.341	5	-11.012	1	0.0417	0.928	0	0.131	0.499	89.98	80555	4	canadian celtic
1YS02pH03wsmB2nzVywXsS	0.817	0.677	11	-7.194	0	0.0975	0.0259	0.0384	0.382	0.157	124.988	392384	4	art pop
6vQvhkDqp3h7m987N72SDa	0.612	0.444	0	-14.069	0	0.0445	0.362	0.909	0.163	0.369	80.973	189630	4	modern jazz trio
28AkPv6nQBUteNyQoGGdY6	0.287	0.942	7	-6.693	1	0.118	0.000458	0.87	0.093	0.0783	131.975	403989	4	grunge
6ml1az9CgPaFrc6UqOiquE	0.653	0.12	11	-10.345	0	0.042	0.641	0.793	0.112	0.323	88.116	177304	4	chillhop
2dpnlb3O3h1p80KiKASGi3	0.187	0.189	4	-15.796	0	0.0337	0.791	0.00879	0.325	0.0877	139.056	267348	3	adult standards
5lWmXOBIJ0Ecpualq0YQpG	0.781	0.59	2	-10.231	1	0.0377	0.192	0.000758	0.114	0.801	113.703	202823	4	corrido
5lrwPi7WwJ1HbuKtx4ktIK	0.491	0.979	1	-3.786	0	0.0939	0.00455	0.00341	0.0876	0.426	173.965	194368	4	dancefloor dnb
5zll5EPac6Gyu4h8C6cToo	0.681	0.231	7	-12.622	0	0.0344	0.108	0.925	0.204	0.255	129.995	172312	4	chillhop
7nD2aI26i75psXsxlfWbMZ	0.514	0.945	8	-3.847	1	0.119	0.000275	0.00305	0.0866	0.291	139.961	66857	4	idol rock
1jdQGSPTEjVOjS1EcxwUJb	0.582	0.863	5	-4.067	1	0.0356	0.0334	1.42e-05	0.371	0.333	112.073	199018	4	big room
5E10Tq93lSG3gP6usfKAT6	0.589	0.978	2	-3.924	1	0.129	0.00154	0.000121	0.0991	0.342	103.97	196294	4	alternative metal
1w50GFvUqqY6eVugvcTLq7	0.582	0.772	4	-8.38	0	0.351	0.00229	0	0.0966	0.232	175.957	198296	4	cali rap
5JqTcAUYNqTIlVWwMptv25	0.48	0.416	2	-7.822	1	0.093	0.613	0	0.112	0.772	77.345	171049	4	texas country
2ku0YBRddw3tTgvnwL4HZr	0.51	0.438	4	-11.091	1	0.038	0.346	0	0.109	0.342	140.003	223717	4	cantopop
6qdTFvp8MBJTpP0Pwzuub1	0.499	0.421	5	-11.698	1	0.024	0.477	0	0.0769	0.36	83.967	202253	4	indie rock
3oeNzXPuOaFPQl1wTyRFcD	0.87	0.496	10	-7.638	0	0.518	0.0227	0	0.107	0.773	85.014	211149	4	narco rap
2Sarjg0ymLMAHG06uq2oAZ	0.298	0.858	3	-6.171	1	0.0418	4.49e-06	0.229	0.109	0.505	149.166	223547	1	glam metal
6YNT6IN2CwINBRjFh1JAlh	0.594	0.669	11	-6.712	0	0.036	0.0472	0	0.142	0.572	97.905	252600	4	dance pop
5PUC3ZrG7MwT7IMJF9o2ru	0.852	0.606	7	-6.908	1	0.185	0.069	3.39e-05	0.0427	0.868	101.993	262067	4	contemporary r&b
2N8YyefuTvFIbgCiCYoXVU	0.474	0.518	5	-8.14	1	0.0513	0.257	1.97e-05	0.0743	0.228	156.738	163640	3	art rock
2muGO1K65CA2IboXT8QT5I	0.912	0.701	8	-4.154	1	0.0744	0.108	0	0.0415	0.389	94.958	199947	4	australian hip hop
3eHxEeHEMxBjI7VAKdBVbH	0.794	0.482	0	-7.28	1	0.0677	0.0291	0	0.0882	0.591	152.968	185980	4	christian pop
0D7CuVPjnwtydyTwVdVoc1	0.683	0.667	2	-6.436	0	0.276	0.0107	0	0.076	0.373	180.008	171227	4	melodic rap
4aP9JFXT8QYMqy7N5lrZIf	0.771	0.716	7	-2.638	1	0.0464	0.575	3.3e-06	0.342	0.786	139.877	192120	4	banda
6Pxco7SLaAiA7rp9rgmDT1	0.242	0.538	4	-10.788	0	0.0346	0.572	0.476	0.175	0.266	79.005	223693	4	album rock
2MsRkqapim4BgxBRqPAIob	0.688	0.743	6	-4.262	0	0.0418	0.142	5.37e-06	0.11	0.306	125.015	141312	4	electro house
5dUFWYt4BJfWlhC9CxWFGe	0.806	0.722	1	-5.384	1	0.21	0.0328	0	0.05	0.689	102.997	213635	4	k-pop
2LQHHEpN5piBctgRKsyyz2	0.511	0.432	2	-14.24	1	0.0327	0.908	0.894	0.0883	0.0603	76.562	213939	4	chillhop
2Pg7jSQQvlEtOvnAIdCDNW	0.805	0.135	7	-12.706	1	0.0677	0.786	0.75	0.0752	0.585	112.994	123502	4	lo-fi beats
1axZPn9AS5Ota0ddePVwM2	0.455	0.289	8	-15.37	1	0.0458	0.83	0.515	0.144	0.34	165.43	152320	3	chillstep
5Oam29yEJM83uRn1uAjyZA	0.514	0.36	0	-11.601	0	0.0676	0.329	0.838	0.113	0.231	173.205	120079	1	lo-fi beats
76hHrGUSSgqzhT1QhlaYJO	0.378	0.28	7	-9.934	1	0.0441	0.845	0	0.296	0.281	123.256	96203	1	deep talent show
3fbFxBdzrH12Td6yFFSOim	0.651	0.693	11	-7.562	1	0.0335	0.297	0.0279	0.695	0.542	100.003	233640	4	indie pop
37xseN28eQ94Q9k7x3uERp	0.721	0.329	0	-10.488	0	0.0346	0.236	0.9	0.182	0.566	84.01	188207	4	chillhop
7iOQyWqeN01Fyl0gqKQDsg	0.816	0.32	9	-10.343	1	0.0411	0.294	6.82e-05	0.0752	0.691	122.26	282579	4	acid rock
2zfkoxAenwqH0PAq2Lp4cL	0.392	0.647	2	-6.031	1	0.0428	0.304	0	0.149	0.501	102.054	255789	4	banda
0HVvtZhPgnuR2Nia1x8zUX	0.682	0.831	0	-5.885	1	0.11	0.143	0.000898	0.0745	0.809	104.885	216543	4	canzone d'autore
2gSRXET0uzm1sX1Kkrj3dE	0.674	0.274	8	-10.432	1	0.0888	0.194	0.908	0.0909	0.42	85.015	115014	4	chillhop
2W3kEYBdN8UTHH5GRzYvGC	0.731	0.527	9	-11.959	1	0.0844	0.12	0.000169	0.0812	0.772	92.776	254184	4	classic italian pop
0ow4iIx4QF5U5SEkKTorNZ	0.687	0.834	1	-3.034	1	0.48	0.182	0.00251	0.113	0.21	140.186	148665	4	brostep
5AV4AmMLZCPNQueQwLtihA	0.561	0.611	7	-13.942	1	0.0326	0.371	0.802	0.591	0.943	89.4	342744	4	classic rock
76UUkIG3gQz3LZIDPywl4q	0.809	0.45	9	-7.682	1	0.109	0.808	0.0968	0.132	0.784	78.455	224269	4	tropical alternativo
4PLyBKfr0hh2l7UPHUM7ng	0.514	0.921	4	-6.819	0	0.0404	0.00973	0.278	0.312	0.803	122.948	203587	4	alternative metal
2gdbEa36B1bKcEE0HP4dJ4	0.399	0.205	4	-16.718	0	0.0512	0.813	4.41e-05	0.128	0.532	184.696	183967	4	latin jazz
3Wdo5FzT2a2bpp8Kx9p5t1	0.735	0.866	4	-4.358	1	0.0431	0.373	0	0.126	0.33	94.966	176808	4	men chika
6mzgYtXAUfpjweIN11lMuM	0.69	0.0939	1	-11.908	1	0.394	0.83	0.837	0.0744	0.201	169.689	94738	4	chillhop
3DwCoynmFd3LCUJlEk5POU	0.737	0.71	9	-7.683	0	0.0392	0.142	8.63e-06	0.266	0.81	131.341	260244	4	adult standards
0A9gB5uHzFlioe20o2Ch4D	0.367	0.924	9	-3.635	1	0.0941	0.204	1.81e-05	0.331	0.573	179.901	266520	4	anime
3KjRNjtQBvgJiTqYCVrhY5	0.554	0.473	0	-4.094	1	0.0312	0.862	0	0.0908	0.313	135.67	230413	4	k-pop
6xi3m7a71vRpHwXrdGsdRJ	0.416	0.454	5	-7.853	1	0.0358	0.853	0	0.139	0.365	139.846	224354	4	chinese viral pop
6pC80G5s2e0tDSzGqPNqT0	0.744	0.852	5	-3.922	1	0.0413	0.204	6.01e-05	0.325	0.712	104.989	162691	5	deep norteno
3IaNZu73kTX6qyOdJ9aKIE	0.639	0.732	7	-5.065	0	0.0365	0.0179	0	0.262	0.892	143.978	221177	4	alternative rock
3IToKKHkdw19GKoZRnc3MY	0.614	0.353	5	-10.087	1	0.0337	0.811	0	0.1	0.247	120.163	220000	3	k-indie
3EK886n9Ou19OdJWFJSydE	0.784	0.566	2	-7.073	0	0.0406	0.396	0.86	0.101	0.436	92.031	211455	4	chillhop
6YsOshSb3F3b07X9lIw5Et	0.471	0.878	7	-11.107	1	0.0722	0.00632	3.36e-06	0.175	0.353	90.94	236040	4	glam metal
6zpGVl0MfjUE582wSOFxRz	0.469	0.462	1	-13.0	1	0.04	0.0658	0	0.187	0.546	118.441	267993	4	album rock
47yhKFr1HkBwbRjFKVAC3i	0.632	0.192	10	-9.863	0	0.212	0.593	0.878	0.113	0.151	154.194	163582	4	chillhop
5dGafVM7SpuMKtDc2Jmgsv	0.601	0.363	8	-11.096	1	0.0598	0.824	0.904	0.103	0.0954	84.014	138313	4	chillhop
0j2MH0TBfgkFvXOnB8bwAG	0.612	0.292	2	-13.147	1	0.0321	0.647	0.661	0.128	0.08	117.877	227813	4	classic rock
4NzldaoDAUVXuHbCYViprR	0.557	0.832	2	-6.708	0	0.0325	0.000868	0.00128	0.0975	0.75	142.702	212707	4	candy pop
3R0NiuiHBCKH0VQedQpOvo	0.769	0.828	2	-5.396	1	0.426	0.298	0	0.103	0.892	172.398	164069	3	pop venezolano
6Xgf1yZhZT4cyXZ5tbSWzw	0.316	0.895	9	-7.776	0	0.0811	0.0629	0.544	0.522	0.22	132.986	819750	4	jam band
7s1takROlA2OEovr4MjhCG	0.882	0.153	10	-9.212	0	0.336	0.228	0.466	0.103	0.497	90.016	131174	4	pittsburgh rap
7qTuFxOFVJnmWP0FuGWegz	0.244	0.945	0	-6.525	1	0.119	0.0154	0.902	0.098	0.451	130.615	491573	4	black 'n' roll
3HWcK5EIfIdOQD1Rsj4yek	0.747	0.422	7	-12.89	0	0.497	0.00522	0.000831	0.119	0.125	132.128	176364	4	plugg
1RDvyOk4WtPCtoqciJwVn8	0.71	0.879	0	-4.218	1	0.0422	0.158	0.00142	0.439	0.341	114.993	201391	4	k-pop
2BgEsaKNfHUdlh97KmvFyo	0.697	0.683	1	-2.881	0	0.117	0.0372	0	0.137	0.603	96.133	186987	4	dance pop
2lFeir1XMPIRPcvNGQwCSr	0.845	0.483	2	-7.859	1	0.277	0.0109	0	0.136	0.643	129.049	98605	4	pop rap
4Qum1kECNQrpREev5fvAQ4	0.492	0.708	10	-4.639	1	0.0334	0.0975	0	0.12	0.697	161.989	203037	4	contemporary country
2dHHgzDwk4BJdRwy9uXhTO	0.715	0.62	1	-6.005	0	0.0484	0.417	0	0.0822	0.172	97.95	221520	4	rap
2F1Z3G7IZKissAgLtZSUup	0.629	0.726	6	-10.098	0	0.331	0.186	0	0.244	0.839	81.148	114000	4	christian trap
0V3wPSX9ygBnCm8psDIegu	0.637	0.643	4	-6.571	1	0.0519	0.13	1.8e-06	0.142	0.533	97.008	200690	4	pop
6n6w7NLSM6LqWTOhmodTxy	0.718	0.796	3	-5.772	1	0.0281	0.0386	0	0.263	0.797	101.904	130459	4	classic country pop
139nCjBRQCLgnWNRxBKAC7	0.675	0.888	11	-3.343	1	0.035	0.12	0.00967	0.337	0.526	119.018	219832	4	puerto rican pop
2g3qKijfeHfDyM7Fmaoi5M	0.815	0.742	11	-4.896	0	0.245	0.0579	0	0.345	0.584	137.036	182533	4	hip hop
63irPUP3xB74fHdw1Aw9zR	0.581	0.8	1	-2.613	1	0.411	0.154	0	0.0697	0.709	119.872	182758	5	k-pop
4FyesJzVpA39hbYvcseO2d	0.486	0.545	11	-7.924	1	0.0336	0.0652	0.00474	0.0642	0.0385	150.187	123891	4	melodic rap
10SRMwb9EuVS1K9rYsBfHQ	0.559	0.885	1	-4.515	1	0.189	0.0432	0	0.333	0.683	172.029	193594	4	k-pop
6ygf36lTU1bMocl46hZOAG	0.68	0.597	1	-6.627	1	0.0425	0.0298	2.16e-06	0.0777	0.527	155.98	251429	4	chilean indie
4u2gL1g6AgF2vlAURETOXi	0.429	0.834	0	-6.61	0	0.261	0.0106	0	0.163	0.664	179.932	110517	4	glitchcore
4k6Uh1HXdhtusDW5y8Gbvy	0.686	0.494	1	-7.093	1	0.0355	0.613	5.8e-05	0.402	0.7	168.946	232067	4	afrofuturism
7twsd0lwXyy0ARdsTyzHoJ	0.963	0.905	7	-4.053	1	0.117	0.654	0.0481	0.107	0.594	123.998	178530	4	dance pop
1xzi1Jcr7mEi9K2RfzLOqS	0.78	0.689	7	-5.668	1	0.141	0.0368	9.69e-06	0.0698	0.642	115.042	225389	4	dance pop
6IglhlhsCvJPXDPWcRMw5k	0.649	0.809	2	-5.213	1	0.0383	0.00936	9.84e-06	0.193	0.259	122.012	140356	4	latin pop
3q9npStSssk7sZWotiNQLK	0.252	0.797	11	-3.877	1	0.0328	0.00458	0.424	0.344	0.199	77.972	535733	4	glam metal
47orXRwG83ZFdYm4rv9twK	0.224	0.233	5	-16.245	0	0.0387	0.911	0.925	0.147	0.038	112.044	231740	3	speedrun
0QHEIqNKsMoOY5urbzN48u	0.838	0.525	10	-3.562	1	0.0665	0.345	1.92e-06	0.0771	0.884	144.981	134256	4	dance pop
02QGW1hPDxBizOPRrczqkw	0.356	0.209	9	-13.931	0	0.0344	0.515	0.743	0.118	0.0575	119.926	510339	4	album rock
4NmNw3RnHtp6t6M0DjP1v3	0.451	0.656	1	-6.303	1	0.0682	0.00513	2.08e-06	0.293	0.392	140.086	197143	4	aussietronica
0k7Shopj669EbywEjsqoqm	0.273	0.227	0	-15.742	1	0.0351	0.848	2.31e-06	0.102	0.142	129.272	160307	4	disney
4h4QlmocP3IuwYEj2j14p8	0.768	0.714	10	-5.11	1	0.0401	0.352	0	0.15	0.842	131.443	163026	4	pop
3rnia85eNjKIRhRmBq5Nfx	0.561	0.965	7	-3.673	0	0.0343	0.00383	7.07e-06	0.371	0.304	128.04	175238	4	big room
2KLwPaRDOB87XOYAT2fgxh	0.749	0.63	4	-6.652	0	0.116	0.0623	0	0.353	0.445	122.03	242027	4	canadian hip hop
2MKzHPbEeuRn5HZp1llzHP	0.334	0.599	0	-5.742	1	0.0365	0.0468	0.000392	0.205	0.127	161.74	151444	3	art pop
1ZRq7JZzM3Q26xweRKz0SF	0.663	0.65	1	-6.158	1	0.0514	0.615	0	0.104	0.766	80.966	191933	4	british soul
74Xkoymusr9hDk4s40tDfs	0.485	0.362	0	-7.889	1	0.0889	0.849	4.13e-06	0.0986	0.284	171.374	193747	4	dance pop
7BljZj83pSEWgqqCumL3vs	0.507	0.828	10	-6.023	1	0.0449	0.00711	2.44e-05	0.261	0.489	178.032	211295	4	permanent wave
4llHtePKJGte0mZL5RLOIZ	0.601	0.824	0	-4.757	1	0.0474	0.00866	0.173	0.155	0.246	167.965	187147	4	modern rock
0WtM2NBVQNNJLh6scP13H8	0.801	0.806	11	-5.206	1	0.0381	0.382	0.000669	0.114	0.802	106.999	239318	4	nigerian pop
69AIpwGNLxr4qS1X5ynx60	0.586	0.559	4	-6.725	1	0.05	0.639	0	0.0872	0.437	177.945	167480	4	contemporary country
1IHWl5LamUGEuP4ozKQSXZ	0.65	0.715	5	-5.198	0	0.253	0.0993	0.000291	0.126	0.187	106.672	243717	4	reggaeton
59nOXPmaKlBfGMDeOVGrIK	0.463	0.642	1	-4.474	1	0.34	0.314	0	0.0686	0.339	83.389	189893	4	atl hip hop
5QHsSzLQh2vCMd9B0cXFoy	0.737	0.86	8	-2.652	0	0.0594	0.11	1.94e-06	0.0574	0.656	93.989	193227	4	latin hip hop
5IgjP7X4th6nMNDh4akUHb	0.733	0.69	9	-5.529	0	0.0427	0.0635	1.18e-06	0.105	0.31	116.992	184613	4	dance pop
6mXgGtOWBHQUCzeFKoIEzM	0.745	0.713	2	-6.627	0	0.0584	0.00476	1.63e-06	0.075	0.72	118.009	173173	4	reggaeton
0O6u0VJ46W86TxN9wgyqDj	0.733	0.67	5	-6.009	1	0.0751	0.121	0	0.121	0.472	100.964	192841	4	dfw rap
3EnRoi8xkxzkNQF6Gicsfe	0.627	0.618	2	-8.529	1	0.0437	0.0558	0	0.351	0.848	82.03	197443	4	dance pop
6XO8RlYuJCiI0v3IA48FeJ	0.645	0.525	3	-5.399	0	0.0355	0.0574	0	0.505	0.238	83.018	108499	4	brostep
0BnYzp9UaMQVTQ5kWLSarN	0.695	0.884	6	-2.278	0	0.0753	0.0561	0	0.213	0.914	103.014	203808	4	dance pop
5uU1uuyaUIBOiiUSQG7Wl3	0.731	0.85	9	-4.913	1	0.0336	0.252	0	0.605	0.644	119.706	157478	4	contemporary country
4Dvkj6JhhA12EX05fT7y2e	0.52	0.731	6	-5.338	0	0.0557	0.342	0.00101	0.311	0.662	173.93	167303	4	pop
0g2Bbgy7P41pFjMWJuzsf4	0.718	0.461	4	-7.676	0	0.0797	0.068	0	0.283	0.181	129.953	178176	4	hip hop
2ryIksAJafd1J161QTqnBN	0.608	0.671	2	-5.643	1	0.0422	0.73	1.88e-06	0.0849	0.872	161.768	147135	4	adult standards
0QBzMgT7NIeoCYy3sJCof1	0.756	0.697	8	-6.377	1	0.0401	0.182	0	0.333	0.956	94.996	206071	4	dance pop
4rztAxj366OQhq3pHOMTgc	0.716	0.511	1	-6.257	1	0.0332	0.483	0	0.0928	0.324	104.964	165907	3	australian dance
4qBYt0WlCZSCFOnZBeOy4p	0.851	0.818	4	-4.637	1	0.0789	0.112	2.94e-06	0.0945	0.808	119.006	238907	4	art pop
5odlY52u43F5BjByhxg7wg	0.515	0.593	4	-4.801	1	0.0322	0.653	0.162	0.25	0.153	94.467	209260	3	modern indie pop
2TSfStvlAMLw89u3tali79	0.66	0.373	11	-10.234	1	0.595	0.149	0	0.106	0.35	167.912	151776	4	florida rap
7fSM2taFBEB1WNZl8AOIoo	0.845	0.503	1	-7.021	1	0.334	0.027	0	0.116	0.416	147.031	161637	4	atl hip hop
2wmUc9lPdfyYczRh8CH6RW	0.729	0.786	1	-6.348	1	0.0337	0.0747	0	0.0878	0.87	120.068	234000	4	pop
2AOuUALxXhbTJyPDAiz3oW	0.319	0.959	2	-2.606	0	0.0466	1.5e-05	0.0334	0.367	0.433	178.491	270712	3	dreamo
3T1LteJqPmzJ6BIUahORMB	0.796	0.798	1	-6.312	1	0.0317	0.034	4.19e-05	0.0952	0.942	116.032	202735	4	glam rock
3zdtkz8jSBFpEmAKXbDy8p	0.555	0.563	1	-11.871	0	0.257	0.8	4.73e-06	0.11	0.429	102.47	150390	5	canadian hip hop
73WZ5bGubwPFmGQFF4EP9t	0.59	0.622	1	-7.703	1	0.292	0.0437	0	0.152	0.549	51.334	66273	4	cali rap
7kEazLClOjGcX0g02BW4rZ	0.505	0.819	11	-8.57	1	0.073	0.365	0.00765	0.127	0.34	123.042	251693	4	piano rock
0UM88PJYmk8eagS0i1J60E	0.877	0.584	10	-7.479	0	0.155	0.484	3.15e-06	0.121	0.348	114.986	139826	4	rap calme
5KxvmKNTfNBXJfMFt3ZkLf	0.713	0.793	10	-4.436	1	0.0386	0.0318	1.06e-06	0.142	0.583	119.995	227920	4	dance pop
77Zcb08jfXnphqGpefWVzN	0.773	0.422	1	-4.572	0	0.187	0.00783	0.00693	0.129	0.488	77.502	136267	1	atl hip hop
5gPLxX4hNGMCeDhq3D8W0N	0.611	0.565	1	-9.432	1	0.0345	0.0305	0.0248	0.101	0.226	134.997	171629	4	plugg
0E7gan7HYPL7ZvYi0W6xKj	0.605	0.713	5	-5.865	1	0.0381	0.0203	0	0.548	0.603	147.166	172267	4	canadian pop
5sK5TqEJh5kVv06bNRsXeV	0.754	0.644	9	-7.511	0	0.219	0.725	4.34e-06	0.315	0.643	100.049	211634	4	polish hip hop
2wuf2brPbSlUEJO99PZZxo	0.83	0.644	10	-5.431	0	0.407	0.0298	0	0.11	0.227	155.103	173419	4	baton rouge rap
07QHxPQatnwskzErHV09Ca	0.693	0.485	5	-10.05	0	0.53	0.529	0	0.134	0.798	78.945	81625	4	russian pop
4SMhHZEYFpllFPype5X2LD	0.756	0.784	2	-5.713	1	0.264	0.231	0	0.164	0.725	95.04	174393	4	cali rap
1H5xCFFodixXyPBgo4uudk	0.439	0.61	9	-7.236	1	0.116	0.593	1.07e-05	0.341	0.172	181.088	215508	4	pop
2O7GHZjVnOqiZBhXzGKYRp	0.713	0.421	1	-8.652	1	0.185	0.312	2.64e-05	0.0631	0.343	83.924	224073	4	nepali pop
3NLz8THD870qu0DzN69PuP	0.858	0.568	11	-8.838	0	0.082	0.164	4.21e-06	0.0927	0.67	149.935	118547	4	belgian hip hop
5zgU6yN5KwEeNNobhnYZq5	0.768	0.634	9	-11.263	0	0.134	0.689	5.9e-05	0.13	0.365	139.875	125143	4	swedish drill
2j4NtfeP9yDohSpeqhq4jo	0.803	0.962	2	-3.511	1	0.194	0.00473	0.0935	0.109	0.62	120.036	147000	4	beatboxing
0bsuMjijoJ8tbDDE11fybC	0.684	0.803	2	-4.251	1	0.156	0.0606	0	0.546	0.8	107.028	205280	4	east coast hip hop
4oDDAWVvQkxRRnTRv1pjRL	0.69	0.626	6	-5.693	1	0.306	0.105	0.000335	0.0881	0.912	184.009	185681	4	dance pop
6YK3FbdHFdFC3k4Yb05MfS	0.669	0.787	10	-7.761	1	0.38	0.274	0	0.127	0.917	90.026	168935	4	melodic rap
2MogIqOH9I7hlbWQrVA5AK	0.788	0.445	7	-8.378	1	0.0685	0.363	0	0.375	0.551	120.024	164722	4	rap uruguayo
6tW5ph8RyhwU3I9FiQgmBK	0.748	0.841	7	-5.08	1	0.177	0.00445	1.33e-06	0.0413	0.717	123.045	129817	4	big room
3JdJxOcUhBXvcrKHMiJ3Mf	0.888	0.622	1	-3.875	1	0.213	0.16	0	0.101	0.664	91.977	266707	4	g funk
74lc8T9GoyiF2wIrE7RDYO	0.647	0.615	0	-8.942	1	0.147	0.0891	0.00464	0.318	0.642	91.05	179519	4	neo-proto
4oegTcBYQaiACy11yzDd3z	0.369	0.192	4	-12.151	0	0.04	0.555	8.35e-06	0.0954	0.148	175.212	228013	3	oklahoma country
2YetCtzTf55fGC89POd8k7	0.748	0.497	4	-6.542	0	0.0401	0.248	0	0.138	0.0664	142.04	158709	4	pop
6aZkE6Hn73QxHqk0CpgPbn	0.796	0.901	11	-4.586	0	0.0421	0.207	8.95e-06	0.0849	0.875	99.987	280850	4	cambodian pop
5pioqXrZi1qXbBn7mh9Duj	0.417	0.682	1	-5.071	1	0.0295	0.0267	0.000669	0.109	0.351	105.542	232412	4	alternative rock
336WbtJM8VfIZI1RCQLuwB	0.69	0.48	10	-7.503	1	0.0816	0.369	0	0.0649	0.286	80.025	229526	4	dance pop
0awZ1jabXcEgWpoCkDLMIQ	0.587	0.742	6	-6.64	0	0.0529	0.0128	0.00107	0.146	0.199	145.007	206000	4	alternative hip hop
7as4t0e0sl0NplYB3UBPrR	0.908	0.606	7	-4.085	1	0.227	0.0549	0	0.422	0.147	108.053	187202	4	florida rap
6IY8wvJRrrvg3IhffpVUhI	0.534	0.714	6	-6.347	0	0.0629	0.00633	0	0.0879	0.415	125.99	201701	4	dance pop
4mfVMt3YdQI6qrSr37dEcb	0.586	0.689	0	-6.04	1	0.425	0.0434	0	0.184	0.456	158.457	110707	4	melodic rap
3GUV9UbNfwjEpca8jAGyAP	0.53	0.593	5	-7.286	1	0.0545	0.385	0	0.314	0.538	125.723	158537	4	bedroom pop
5c7VCaFCWHwkFpySQ8iYqz	0.647	0.581	4	-7.678	0	0.0884	0.0029	7.76e-06	0.119	0.113	150.149	206385	4	deep underground hip hop
76ixQIqgSlNBBpQEsBFqY3	0.459	0.574	3	-4.857	1	0.0577	0.608	0	0.0885	0.183	111.881	215107	4	pop
2K6HfkkPPnPRyETvVuPMTg	0.522	0.585	7	-7.205	1	0.129	0.00208	0	0.0909	0.411	97.99	191896	4	argentine hip hop
3ilZQlnJgIaSOTfUaGJ5M2	0.648	0.924	9	-3.157	1	0.176	0.00949	0	0.564	0.752	153.67	213613	4	dance pop
1uHKogO21EfNiayN6rGfbP	0.524	0.807	2	-4.16	1	0.0579	0.00415	0.000834	0.212	0.62	124.127	246813	4	dance pop
4gG2ukgQNKjsVfANtDCKya	0.878	0.685	9	-5.28	1	0.225	0.00152	0	0.0753	0.523	157.003	211649	4	dance pop
3TW48DvQ7ChwY1Yy1tkMaP	0.613	0.72	0	-7.957	1	0.0425	0.0132	0	0.104	0.561	117.341	265867	4	alternative rock
7paQcl1t8OsQnGwNsh8Noc	0.53	0.835	9	-3.69	1	0.11	0.0453	0	0.0637	0.471	166.02	190319	4	dance pop
5XirrN4ss0AcV5OYVz8s2z	0.795	0.565	3	-4.457	0	0.0948	0.131	0	0.0802	0.55	87.925	172342	4	afro dancehall
4pgLAPEWZdBC90HN1awxTp	0.847	0.772	6	-4.175	0	0.0339	0.418	6.2e-05	0.324	0.929	118.013	159750	4	arrocha
7uo0n3UykW9JxJ0P2tuqrb	0.929	0.339	1	-10.881	1	0.372	0.0376	1.97e-05	0.187	0.272	98.986	203200	4	dance pop
2Eo59vCg6u2KR3hCEJSdPF	0.588	0.856	9	-5.242	0	0.0316	0.000818	0.0739	0.238	0.635	96.966	175044	4	modern rock
1Go5rInybBGpJ5BBLUVI7Y	0.689	0.856	5	-3.394	0	0.0813	0.0493	0	0.232	0.706	126.108	161881	4	latin hip hop
7HwPHudIjhotJtN2PRa5Uu	0.689	0.739	2	-5.81	1	0.026	1.54e-05	0.515	0.064	0.578	120.423	233867	4	alternative hip hop
5PIOQjFf4sNKEWcxRKS3em	0.813	0.733	4	-5.417	0	0.0847	0.15	0.00186	0.0909	0.397	91.988	193806	4	funk pop
4MLtpxuGS3uiKV2NRHGIph	0.753	0.733	0	-3.715	1	0.056	0.253	0	0.398	0.156	92.064	147599	4	pop venezolano
7Bvf38IENtbcM8HYY4dju1	0.717	0.781	11	-4.546	0	0.0987	0.379	4.45e-06	0.291	0.781	159.975	298114	4	reggaeton
1WzIJxtugNbrMVzXcwRR8G	0.782	0.666	5	-5.085	1	0.0514	0.139	0	0.315	0.801	90.043	188333	4	dance pop
31swG1GFVihPhFRAI7hJC6	0.207	0.363	5	-7.296	1	0.0306	0.418	5.24e-06	0.128	0.358	74.278	310720	3	europop
6jhPLcEz5kPHa1e73ncQcC	0.718	0.776	7	-5.208	0	0.0693	0.000624	4.89e-06	0.207	0.622	120.015	227787	4	dance pop
2HN2EGaq3nfHUybD0zEOer	0.731	0.664	0	-5.474	1	0.0302	0.00309	0.35	0.133	0.661	118.019	239267	4	australian psych
6BhUjO6xIsuy0wvgatgE76	0.774	0.792	10	-4.021	1	0.0523	0.051	0	0.155	0.507	122.062	139672	4	dance pop
7cECkMEefubl8EHX94fwW1	0.817	0.932	11	-4.232	0	0.0467	0.0938	0.0284	0.0792	0.396	126.008	259334	4	latin hip hop
5v77b6h2QIkBT8C7AfjC4e	0.37	0.559	0	-5.589	1	0.0526	0.186	0	0.121	0.316	162.816	180274	4	australian pop
5sZnyaVxct7APg5OtIIfvu	0.388	0.792	0	-8.462	1	0.052	0.0192	8.94e-05	0.942	0.424	128.267	298387	4	album rock
4Dbh3sF69jm9sz41cmA1jO	0.513	0.906	1	-3.673	1	0.0737	0.00272	8.42e-06	0.113	0.73	173.0	211520	4	candy pop
37BWL3ccINTLHlcce9UUmS	0.296	0.4	3	-12.079	1	0.032	0.135	2.14e-06	0.972	0.274	124.211	249160	4	album rock
0IUN1dMWWpI5zqV4wlJPBz	0.682	0.588	4	-6.164	0	0.297	0.285	1.47e-06	0.108	0.336	83.934	190371	4	memphis hip hop
5RWrZVNOsScB04CHsmIemF	0.836	0.743	10	-6.305	0	0.0656	0.0995	0	0.335	0.722	108.966	191822	4	escape room
6Rh4M0226VrmTNck1zGVvx	0.699	0.621	7	-6.217	1	0.0341	0.0152	7.54e-05	0.282	0.815	131.963	195172	4	gauze pop
1BAuYtQslLEeIZh9WXZ4Ua	0.637	0.745	8	-8.607	1	0.0748	0.0173	0.000554	0.0372	0.859	100.384	244827	4	adult standards
5sR1BTgZ3XitMjAL1jPWGj	0.631	0.932	5	-4.142	1	0.0354	0.0429	0.137	0.0918	0.971	122.431	213067	4	british invasion
46POENMhG32Frd41J0SHWA	0.506	0.817	11	-5.052	0	0.0336	0.00283	0	0.0486	0.49	109.955	208707	4	modern rock
6WCBtCdPqUhif4kfydjlhB	0.505	0.673	8	-6.585	1	0.209	0.325	0	0.148	0.491	109.748	237559	4	filmi
1JoTjzRF0z2nuuIB7S6gLL	0.539	0.508	10	-6.05	1	0.0288	0.727	0	0.174	0.227	101.358	177720	3	gen z singer-songwriter
6wuKxaTL1Vrkd5mvIIxZZ0	0.674	0.827	0	-1.741	1	0.0463	0.269	3.83e-05	0.0486	0.974	153.942	143719	4	arrocha
1qeSIy1G4dUZtVuhbPOW85	0.72	0.819	1	-4.588	1	0.0362	0.0411	0	0.0606	0.898	131.99	183014	4	pop
0WQWJZVhL5sFbQRT9VjwP0	0.557	0.924	9	-4.341	0	0.064	0.0271	3.32e-06	0.537	0.566	151.988	186827	4	emo
2Uwu5uxCl3rQrWa1N68eab	0.754	0.933	0	-5.786	1	0.0448	0.0196	0	0.297	0.75	103.99	225000	4	dance pop
7qTymhhtOGojo0MEJdemde	0.843	0.802	1	-4.167	0	0.228	0.158	5e-06	0.0642	0.618	95.881	212500	4	dance pop
08ahQIKTbMSx5gDmYsPLh1	0.219	0.0711	10	-23.407	1	0.0424	0.959	0.953	0.116	0.185	79.362	277187	4	baroque
7J61ikpHfOkZJL0Q5WyikC	0.778	0.664	8	-7.695	0	0.35	0.0612	0	0.261	0.509	140.048	207306	4	atl hip hop
0bvkmbvWY5kXKw8v7K2VJi	0.674	0.86	8	-3.318	1	0.0369	0.155	3.21e-06	0.359	0.771	122.975	176610	4	dance pop
7jDITZneRNccSPr96vFo7g	0.791	0.564	10	-10.272	0	0.103	0.141	0.00104	0.102	0.232	110.984	208173	3	german drill
2zJzyuKgMovCPjhtLewNEO	0.609	0.619	11	-5.677	1	0.311	0.749	0	0.264	0.689	179.71	168067	4	sad rap
2X4VySckgytsYvfXYL7j59	0.541	0.931	2	-5.584	1	0.0523	0.0157	0.00071	0.326	0.429	136.159	247467	4	irish rock
1ogqqUlxzhQ0jBPqWsZntU	0.344	0.931	1	-3.759	1	0.0783	0.00104	0	0.0903	0.251	148.104	223973	4	alternative rock
0MVRP18kv7kShbUVmxoyC3	0.448	0.606	3	-4.565	1	0.0609	0.577	0	0.217	0.483	121.15	163613	4	alt z
1ml1uvYYq9uChP1fZd6MtG	0.672	0.813	2	-6.142	0	0.0378	0.0681	7.53e-06	0.1	0.814	134.239	248280	4	album rock
7eMYdHBHbWRI4fJWkaNnPz	0.677	0.744	10	-6.806	0	0.0296	0.0405	0.000153	0.074	0.631	124.077	152913	4	dance pop
0jtXHE9tC9pPHWBVSo3amT	0.853	0.696	9	-7.206	1	0.0633	0.00852	1e-06	0.0773	0.324	113.026	180645	4	boy band
1oHZnrgWjK4y6tcJd0Oxkk	0.809	0.594	7	-7.083	1	0.279	0.334	0	0.109	0.973	168.046	81270	4	nightcore
1QOtgh3cNWy5Rioohy0zia	0.652	0.773	3	-5.203	1	0.128	0.449	0	0.166	0.527	113.788	181846	4	arrocha
3FnLKWYFsgEHrgUNgFmv4x	0.559	0.559	11	-6.425	1	0.0358	0.0145	0	0.138	0.338	72.498	220780	4	australian pop
6EoqyT3MAqTd9yxLGBzMMU	0.721	0.666	1	-4.699	0	0.0408	0.0687	0	0.045	0.739	132.465	174540	4	alt z
43IMGzdvFlTbmm8Zdz2hWz	0.651	0.605	8	-7.381	1	0.0322	0.00479	0	0.0605	0.412	126.091	292707	4	dance pop
7IVAhTHVTPS9zTYlwEhn3P	0.816	0.655	6	-7.868	0	0.0614	0.693	0.136	0.0952	0.395	106.044	193750	4	german hip hop
71BZLDc9mzep4hamrWrNsG	0.669	0.524	4	-9.485	1	0.0441	0.604	1.48e-05	0.122	0.574	88.012	218659	4	art pop
2F6WybYTmUzcm9StJguc4K	0.442	0.826	10	-5.32	1	0.0775	0.176	0	0.0978	0.601	80.848	213320	4	pop
7jKA2Mpb6P9mFaCcidtgun	0.754	0.681	11	-6.332	1	0.0753	0.089	0.00103	0.131	0.443	130.013	230920	4	dance pop
6KfQFxwz4FL8SQzkEGQMRa	0.679	0.762	10	-4.253	0	0.0316	0.00469	0.23	0.0446	0.511	105.407	357936	4	disco
0SVTd2nkzGOsUxi9UzYc75	0.541	0.855	6	-4.578	1	0.0668	0.00164	0	0.145	0.739	143.967	163322	4	canadian pop
0k6JM2u0ALiGWmzJsIEuF7	0.764	0.672	7	-5.947	0	0.0293	0.072	3.32e-06	0.0806	0.789	129.049	136614	4	art pop
7FmVX7outeAQg3Xg0PvSqP	0.646	0.736	11	-7.658	1	0.0396	0.0334	0	0.0807	0.28	94.024	208809	4	la pop
6QQtwstfawHTZYZ4khxdkJ	0.579	0.502	8	-7.57	1	0.0513	0.733	0	0.281	0.836	76.783	131733	4	adult standards
7pQevRsKjBy75KFq6UdDqm	0.563	0.756	0	-3.852	0	0.0579	0.196	0	0.245	0.234	100.012	182227	4	dance pop
3E9iou3WDvftOjsBjM9hqM	0.685	0.886	0	-4.179	1	0.034	0.028	0	0.481	0.615	125.034	161267	4	dance pop
02CggM3X3i1QhKsX2uHnIj	0.481	0.267	7	-9.25	1	0.0339	0.8	0	0.249	0.137	117.64	227693	3	canadian contemporary r&b
170uwnHSD8dOR6bH9PiuKA	0.926	0.916	10	-2.221	0	0.0929	0.35	6.01e-06	0.0234	0.904	110.009	199853	4	dance pop
63EQVLdtGL6rZf8mPKW7QY	0.809	0.717	4	-6.602	1	0.0393	0.574	0	0.089	0.919	122.463	195000	4	classic country pop
0JNLSaMmXeUc3DfB5X1SLm	0.733	0.608	2	-8.298	1	0.0456	0.781	0.00112	0.111	0.809	150.874	210402	4	neo mellow
2RZDNXFAMWrbdS62KTAggO	0.206	0.21	6	-14.034	1	0.0339	0.63	2.02e-05	0.104	0.277	67.114	192320	5	adult standards
7KRhzlBU53n8wJbH6DRtY5	0.5	0.908	2	-4.303	1	0.0418	0.0166	0	0.128	0.744	138.834	217493	4	canadian pop
4ss7pFKjN9eJpe1ozuyyMC	0.615	0.752	0	-8.91	1	0.391	0.0397	1.37e-06	0.0479	0.66	133.977	191507	4	album rock
4qU2u7IZcH6W0kDbvg1adS	0.876	0.617	7	-8.11	1	0.0731	0.0778	0.00318	0.0942	0.561	122.984	195745	4	german hip hop
0HBB3VKtqZcN7fbv3nKbND	0.665	0.365	0	-13.03	1	0.03	0.653	0	0.109	0.865	140.418	133840	4	adult standards
4V3UMC0ZuX7K6wuUBEbCLn	0.082	0.0869	2	-23.472	1	0.0475	0.948	0.751	0.112	0.0345	171.028	212533	1	classical
6lwGHNsN4NxzTIyda19jYZ	0.398	0.546	10	-5.548	1	0.0354	0.365	0.00012	0.125	0.353	132.985	218733	4	baroque pop
7jaSjSAIK71tzzacfPrEzW	0.648	0.798	8	-6.894	1	0.0343	0.216	0.0308	0.108	0.551	122.912	219173	4	canadian latin
5Xxvlxj02PoFMNQcMhGFoh	0.615	0.807	10	-3.405	0	0.0529	0.129	0	0.255	0.429	99.987	200987	4	metropopolis
3cLlGzf5uo6mzSb9H9uVcv	0.483	0.731	1	-6.696	1	0.0381	0.436	0	0.151	0.484	101.654	204280	4	folk-pop
2DJmzNtz2mvZb55tbnlAcv	0.844	0.756	4	-5.211	0	0.127	0.135	0.00424	0.145	0.619	135.021	171136	4	funk carioca
7kyTxkkDXo8tClrKewPFJg	0.516	0.435	10	-13.664	0	0.0546	0.694	0	0.142	0.63	105.707	171680	4	comedy
1R2vPvUczVilAn4kErgdLo	0.772	0.6	7	-6.253	1	0.0403	0.0126	0	0.109	0.644	120.026	193147	4	canadian pop
59SUY651qag4KivN6WUsqK	0.513	0.952	1	-5.089	1	0.0836	0.0197	2.44e-05	0.108	0.423	142.011	244906	4	contemporary country
2tpCofvriTOjoVZPqI6ZfH	0.679	0.764	6	-5.301	1	0.0391	0.031	9.05e-06	0.0951	0.471	124.977	198015	4	dance pop
5E8kU6F5z2louX2mdgNG4t	0.697	0.336	9	-10.395	1	0.0424	0.598	0.00528	0.107	0.31	82.029	216680	3	bedroom pop
2sCuEOfnsSoo837qZOcOBK	0.616	0.841	5	-4.779	0	0.076	0.0559	0.00217	0.417	0.714	110.029	154561	4	dance pop
3W4xLdjuzwX8scBi0dfd9F	0.659	0.796	2	-4.81	1	0.137	0.209	0	0.055	0.826	178.002	230467	4	latin pop
623uTVEjnF4lRt9AEWNk2L	0.6	0.742	11	-6.707	1	0.311	0.00291	0	0.338	0.214	150.118	171200	4	baton rouge rap
7sesdoF7ZvAyxzgZ70Vczp	0.957	0.745	11	-4.753	0	0.121	0.203	0	0.0615	0.913	107.077	228240	4	dance pop
35sQu693XOh5G1Rd2PbFYM	0.338	0.31	5	-10.134	1	0.0294	0.83	6.46e-05	0.152	0.211	125.144	234400	4	contemporary country
0BM0WAUI6PR1Z1t8YCs3yn	0.653	0.68	4	-5.507	0	0.0298	0.0962	0	0.884	0.512	126.048	209928	4	arrocha
04jY1JR9iC8X10M9vT0brP	0.504	0.82	3	-0.92	0	0.0544	0.28	0	0.125	0.291	115.0	263967	3	otacore
6beej6IDwh3iWTUeF5ViQX	0.667	0.669	8	-6.264	1	0.0326	0.441	0.00229	0.215	0.947	98.266	178493	4	adult standards
4LPKgVOl1gylpuwDTiFLiM	0.652	0.603	0	-6.555	1	0.0317	0.241	0	0.132	0.192	106.025	200596	4	dance pop
0Iv5EsqGXTSuQl75rYu7mn	0.665	0.843	5	-3.347	0	0.0354	0.0654	0	0.268	0.845	122.029	195268	4	dance pop
0CON5izRAQnYB81yf6jIIv	0.789	0.72	8	-5.652	0	0.217	0.223	0	0.129	0.664	122.031	166794	4	dance pop
1saGb40kCVG2vxbZVoyU4U	0.686	0.511	10	-7.782	1	0.0284	0.133	6.3e-05	0.102	0.39	107.067	191188	4	bedroom pop
1n6OLzNENwMpnAfNtyx7Ht	0.654	0.889	10	-3.058	1	0.0513	0.64	0	0.297	0.73	125.018	233000	4	canadian country
7JErfaPRKHO27seiVzrApq	0.582	0.568	1	-7.3	1	0.0275	0.577	0	0.105	0.394	121.991	207541	3	contemporary country
6nRgaW7N38qCTj7DMX1G5N	0.843	0.429	5	-7.023	1	0.0928	0.642	0	0.274	0.71	132.91	173366	4	electropop
1US3M83f1LjV42guKSaX6Z	0.482	0.645	1	-5.187	1	0.0489	0.364	0	0.123	0.11	91.834	569000	4	desi pop
1pPilTf1ewel6RWoafBNhs	0.847	0.69	1	-7.877	0	0.0493	0.0127	6e-05	0.0526	0.692	125.004	186662	4	deep groove house
193cfqZSLOS02UfJdtFzt8	0.693	0.602	2	-6.906	1	0.0266	0.432	0	0.156	0.755	105.003	192013	4	contemporary country
6O5RfZCwsgPrRzSkkfrNAV	0.451	0.712	4	-4.514	1	0.121	0.262	0	0.395	0.362	137.875	200175	4	arrocha
58VaIfHQzC0jflv7zEWyoZ	0.372	0.833	0	-6.87	1	0.0934	0.225	0	0.0814	0.806	107.77	205680	4	new romantic
1HtZS4fv2nIZaCSfFVlcHc	0.707	0.853	8	-6.093	1	0.254	0.00524	9.05e-05	0.345	0.748	125.941	152672	4	candy pop
1Q8uAY4tCzioRhh1FbEXlv	0.763	0.782	7	-4.541	0	0.0346	0.182	7.08e-06	0.293	0.502	127.034	177689	4	dance pop
6VeKb4uFApBNnbCP6F0YNb	0.706	0.915	5	-5.177	1	0.513	0.284	0	0.899	0.476	139.976	167143	3	glitchcore
49EYyEIx0xpGuPLWxSsNgX	0.255	0.558	1	-7.974	1	0.0359	0.0169	2.17e-05	0.0879	0.183	141.486	397216	4	ccm
2GOPbMq8v4mVXZpkUMl4n8	0.655	0.677	6	-4.278	1	0.0326	0.146	0	0.131	0.62	127.041	178387	4	contemporary country
1gRZkx4ePy3zGyZsd1J0dQ	0.663	0.691	7	-7.516	1	0.036	0.0199	0.00949	0.37	0.816	120.596	189093	4	alternative country
3UUkB8aTyR2PdxS6dt72p0	0.674	0.844	9	-5.989	0	0.0287	0.086	0	0.102	0.824	125.422	269000	4	alternative rock
41MoRHFbWOIqrdbDLJ9crA	0.653	0.406	2	-10.372	0	0.157	0.37	0	0.0676	0.523	103.715	173747	4	adult standards
2fmMmX0J22t9crxSmPC0qB	0.617	0.835	11	-5.384	0	0.0321	0.359	0.000698	0.118	0.833	129.172	149000	4	classic soul
2QIQYAGHr6GSY7tLTK3snM	0.607	0.536	10	-7.306	1	0.0305	0.386	0	0.102	0.435	147.997	226200	4	contemporary country
22XaZeTXytJZ3ENyBfAODr	0.6	0.533	2	-6.555	1	0.0256	0.272	0	0.0927	0.626	139.94	182027	4	contemporary country
3MyGjI69q3SzMcJ6uYiojr	0.67	0.784	8	-4.856	1	0.14	0.116	0	0.363	0.597	106.057	196817	4	edm
5cefSUOEAzy737OGxEl5y5	0.798	0.575	5	-5.515	0	0.035	0.14	3.62e-06	0.056	0.683	114.986	153391	4	dance pop
3JSPW61KHczpsnZqgDxfnu	0.765	0.875	4	-4.945	1	0.0426	0.155	6.38e-05	0.131	0.852	128.377	268440	4	album rock
1VOyaTko6SqxaZUyDErxnD	0.538	0.366	10	-14.072	1	0.0325	0.498	0	0.094	0.293	142.811	241507	4	mellow gold
4w1GhxfQgtDmiJsH65f8IG	0.64	0.994	1	-3.897	1	0.122	0.000325	0.0153	0.188	0.356	149.897	131500	4	dance pop
2hNKTRExKelAnHBUjBH7UX	0.741	0.549	7	-4.432	1	0.0373	0.0118	0	0.0491	0.775	127.023	231093	4	dance pop
0jXneVxiitQZsbtftH7HHJ	0.652	0.88	5	-3.322	1	0.0474	0.0296	5.3e-05	0.126	0.551	107.95	208347	4	k-pop
5l7E3KLriUC0UlVE9fiGus	0.415	0.595	9	-8.87	1	0.0328	0.0146	2.31e-06	0.271	0.27	121.635	228328	4	album rock
3WMZfz2rG0eqTTNp15VlH2	0.768	0.681	0	-6.835	1	0.0561	0.0219	8.11e-05	0.124	0.517	130.044	285320	4	dance pop
5yN0joyoafLXaHve9yMrN5	0.698	0.45	11	-8.784	1	0.0442	0.571	0	0.113	0.68	150.999	242040	4	acoustic pop
4SeQrjjXZ5s5uqYuAmcU3T	0.726	0.739	8	-3.805	1	0.0409	0.36	0.00152	0.161	0.533	93.005	145800	4	afro r&b
1HHzmFwcB8Cs7WyNukkCSn	0.664	0.893	0	-4.435	1	0.0829	0.274	0	0.321	0.562	114.969	258783	4	desi pop
1OZtTGpt0kpeEOvnWRgIyx	0.542	0.871	1	-2.871	1	0.0456	0.051	0	0.195	0.557	134.983	164670	3	latin pop
5Moy25EBfBVjDUOQ5ddSYK	0.676	0.865	9	-2.899	1	0.0412	0.0347	0.000476	0.117	0.394	121.99	202647	4	dance pop
2QbYNdygnlIaDCyskEs7uh	0.645	0.578	2	-7.615	0	0.0459	0.289	5.3e-06	0.0744	0.464	137.013	214627	4	australian dance
0HCrXTl1GZRRZgkIUqeqg1	0.833	0.691	6	-5.771	1	0.133	0.139	2.99e-05	0.131	0.866	110.985	168873	4	cali rap
0AZMpDY7N55YYXBb1FkHFS	0.391	0.335	0	-10.064	1	0.0763	0.389	0	0.102	0.116	174.185	193733	3	pop
31puPkxSP37We14mRwOFqj	0.604	0.397	6	-12.11	1	0.0847	0.303	9.13e-05	0.153	0.49	136.628	256139	4	christlicher rap
1Yd02GBeoXCYP2FdYfj892	0.851	0.621	0	-4.184	1	0.0675	0.0545	0	0.336	0.691	94.739	229195	4	dance pop
4vSjnBku1XvBHI3tgsnU1m	0.317	0.0205	4	-31.8	0	0.0351	0.913	0.775	0.17	0.0463	111.004	145147	4	classical
3dltqFa6QhcpkdibNFShAv	0.369	0.259	5	-11.498	1	0.0307	0.979	0.017	0.162	0.308	132.625	173666	4	adult standards
6kCudzll7xbhehnkziftDS	0.423	0.407	10	-7.45	1	0.0267	0.312	0.000961	0.11	0.161	139.048	285120	3	dance pop
61L0XwQjEwwdhQ2A2G72zH	0.549	0.413	4	-5.588	1	0.0362	0.756	0	0.0939	0.291	139.984	225920	4	neo mellow
6y3YfkynJODfXWZB2Fhjzr	0.646	0.878	8	-8.372	0	0.0766	0.235	0.877	0.0957	0.327	124.031	127742	3	brazilian edm
21DRFiBq9G12EAq9RoW6iw	0.436	0.528	6	-9.364	0	0.0263	0.136	0.0317	0.0944	0.306	74.877	226693	4	alternative rock
7bBM75BJFsGEJmeYAwtNft	0.444	0.669	8	-6.727	0	0.125	0.0669	0	0.124	0.44	183.441	177109	4	alt z
5PekoR41giwPS77buWwSHz	0.601	0.202	1	-16.959	0	0.0364	0.982	0.895	0.116	0.215	74.429	139000	4	lo-fi cover
3LOBS0WfOzMFdliltnrbt7	0.497	0.827	7	-9.432	1	0.0911	0.0287	0.000138	0.294	0.779	102.607	212250	4	album rock
28OkNXuihGPB99agG7oahn	0.614	0.82	6	-4.32	0	0.226	0.0781	8.18e-05	0.618	0.739	146.235	190685	4	london rap
1x8RD7XxpytdrvBBmvxDB6	0.671	0.673	11	-6.941	0	0.0444	0.15	5.16e-05	0.304	0.493	121.96	237720	4	modern rock
2Syd9rXXXtrqIArecRybCD	0.596	0.947	11	-3.225	0	0.0547	0.00321	3.78e-05	0.0897	0.486	102.238	132853	4	latin alternative
3TfXXw11Cxk5EKp1CyULtH	0.758	0.694	0	-4.922	1	0.0453	0.0723	0	0.0566	0.428	117.969	157910	4	scandipop
7sLUT1BbNMU6gcSBoU0dt9	0.788	0.728	11	-7.455	0	0.195	0.0888	0.00322	0.113	0.399	124.896	169360	4	deep german hip hop
6qOzGFrqcFXJnwb9zLFqPc	0.594	0.655	6	-5.869	0	0.359	0.398	0	0.138	0.552	169.566	176078	4	german hip hop
7KfdeiE9f0gaNLrrRvT7Lw	0.824	0.587	6	-6.401	0	0.0937	0.69	0.000105	0.149	0.514	98.029	209438	4	australian pop
5utYA84Dm3AYAd4GTKKdfr	0.69	0.239	2	-11.862	1	0.0454	0.589	0.000273	0.104	0.379	123.218	356400	4	british folk
5DO5oZyZnrgsDKz4lSwpG6	0.609	0.704	7	-8.36	1	0.32	0.0114	0	0.396	0.782	134.919	38130	3	dutch trance
1CIDTWV3M57EL032e10dGZ	0.9	0.509	1	-6.647	1	0.257	0.115	1.67e-06	0.0937	0.765	100.007	99283	4	indie hip hop
32lgKuOf0esvxQsh5tXAA5	0.266	0.0633	8	-19.328	1	0.0401	0.91	0.00017	0.14	0.216	110.531	165467	3	adult standards
2B3o5ddgGObs1M0CGkdTr9	0.457	0.28	1	-14.516	0	0.0359	0.0444	0.95	0.264	0.12	108.487	152095	4	compositional ambient
2dU51Z781YfeLdbQDyuxx3	0.535	0.913	6	-6.874	0	0.047	0.0107	0.00126	0.0861	0.811	169.197	227600	4	new romantic
77dDnj0qh3pl2eHuuVx1Re	0.822	0.577	6	-6.581	1	0.0582	0.347	0.00762	0.116	0.79	107.894	168093	4	german hip hop
2O2C9cNualklu3RRbauBRj	0.552	0.531	7	-7.732	1	0.0421	0.241	1.21e-05	0.122	0.438	144.946	176859	4	pop
10cHaM2gdOVfpAWCnz5f6R	0.786	0.565	4	-5.304	0	0.0329	0.118	0	0.0674	0.79	104.006	216195	4	canadian hip hop
4AuQQfssgZUm2T1zjN8R2z	0.792	0.895	1	-3.112	0	0.0587	0.165	0	0.0501	0.793	94.968	201526	4	dance pop
6au1js3msnHKSD3NK2Zkft	0.778	0.571	9	-4.776	0	0.0788	0.0423	0	0.0964	0.554	134.999	110222	4	funk carioca
76RWWLwvF4hQa7CSzedukW	0.761	0.899	10	-3.09	0	0.183	0.0137	0	0.0719	0.673	95.021	217587	4	east coast hip hop
4fHnQHcXdcCrVYMpP04uTR	0.453	0.0146	2	-28.68	0	0.0549	0.995	0.921	0.0572	0.178	118.902	177771	4	baroque
2dxRX5eaPLYfCpJK2HdPPv	0.793	0.805	0	-6.554	1	0.231	0.537	0.122	0.0952	0.659	177.826	236933	4	dance pop
5jSXfp1u7Rkt3C5uwyh5r5	0.684	0.449	3	-9.738	1	0.611	0.869	0	0.0881	0.341	66.165	157373	4	alt z
6kyJloz19AaRrqimJFmc1b	0.681	0.474	7	-8.623	0	0.0423	0.621	1.24e-06	0.137	0.7	71.957	142840	4	contemporary country
4klTJkZY5joxAKUw3UFukY	0.488	0.096	10	-10.901	1	0.0413	0.907	0	0.0926	0.508	87.892	128737	3	pop
30G1V5LdwMMtul5613sRjr	0.528	0.718	7	-6.954	1	0.0337	0.1	0	0.304	0.51	155.759	221400	4	contemporary country
2qa47H3tnOTWuQXWoNaJW7	0.754	0.698	9	-5.806	0	0.0619	0.0367	0	0.125	0.888	120.052	234920	4	dance pop
4zUttxQBbJUVItZGyPQik1	0.67	0.465	10	-10.314	1	0.0577	0.159	1.08e-05	0.135	0.0624	110.061	275413	4	dance pop
3xeaR6dAHQHU6rtUPRK9tX	0.292	0.947	1	-4.449	1	0.0906	0.00171	0.593	0.191	0.0859	150.101	184000	4	euphoric hardstyle
6DUGkHIR3MVqyRrRXjKOB6	0.817	0.72	5	-8.134	0	0.0809	0.172	0.000726	0.109	0.384	119.989	180563	4	afro dancehall
7h2oXDQcJtwjzLcvR0LeCQ	0.925	0.445	10	-4.868	0	0.0766	0.104	0.000772	0.134	0.308	125.034	171069	4	german hip hop
2kgYlstsqUDFKuef88ICga	0.513	0.583	9	-10.863	1	0.038	0.355	1.96e-05	0.18	0.866	180.183	241627	4	album rock
7AXbjo4g8cRLyUH36kRxHv	0.302	0.351	0	-16.083	1	0.0396	0.649	0.637	0.184	0.517	64.551	145648	4	adult standards
7JKtzAp7IWJggDDOxM7kgX	0.671	0.806	7	-5.198	0	0.0889	0.0305	1.2e-05	0.298	0.646	104.39	202440	4	dance pop
2QjkH9q5Mypj6m38u7Ni9o	0.258	0.926	1	-5.901	1	0.0761	0.00323	5.15e-06	0.13	0.251	112.643	316533	4	alternative metal
5zGzSO40FsFK65IloXM7DN	0.503	0.709	8	-7.198	1	0.232	0.27	0	0.119	0.423	113.116	174425	4	new romantic
0n9skNEms6qBtsVsDFz5A5	0.345	0.941	9	-9.918	1	0.0466	3.84e-05	0.633	0.0511	0.407	179.626	147062	4	dreamo
6qBlZMIYjIe1VFMcMYqBaq	0.512	0.59	9	-8.351	1	0.0333	0.0972	0	0.271	0.437	126.833	147813	4	beatlesque
4JN9uyBoOLCFauxZaiVT09	0.719	0.584	1	-13.346	1	0.0386	0.272	0.000803	0.0288	0.849	108.832	382973	4	adult standards
0Y7BN6tjlbT3ytbK7b0WJk	0.636	0.88	9	-2.853	1	0.137	0.296	2.97e-06	0.0793	0.228	98.855	178480	4	dance pop
7HE4i03hLQsuuV0fUPFypJ	0.793	0.841	8	-5.646	1	0.0508	0.349	0.029	0.0962	0.153	132.029	257273	4	edm
2WaVBDmn9xBYKsmGiwjjLE	0.524	0.882	5	-3.044	1	0.0367	0.106	1.1e-06	0.071	0.399	119.939	204547	4	alternative dance
7bvQ2HgtzAom0GcVGRb0qw	0.529	0.897	1	-4.713	0	0.0726	0.221	0	0.0399	0.885	180.118	178788	4	modern alternative pop
6Dpvk8uvQyrpyCiqG46E2d	0.756	0.57	8	-7.424	0	0.0696	0.235	0	0.114	0.772	89.461	136570	4	children's music
3bdz8NgyFGxMNZTvWhKooS	0.76	0.795	4	-3.186	1	0.0912	0.00769	0	0.0332	0.834	119.987	203053	4	dance pop
0qQrkbUUixA0ndHpJuI8NM	0.384	0.972	2	-4.92	1	0.0589	0.00054	0.0636	0.309	0.385	157.903	263520	4	modern rock
0WZjLXsMzz5DdD02hVGAWE	0.753	0.806	2	-2.782	1	0.0436	0.673	0	0.244	0.771	156.026	166401	4	arrocha
1KeHISkubk3LHTL8UdqJ2J	0.756	0.962	0	-7.526	1	0.0583	0.0671	0.703	0.194	0.749	136.981	358267	4	house
4weYM8CChAskVqhu5KIEro	0.546	0.488	9	-6.483	1	0.0344	0.333	0	0.08	0.342	69.996	194256	4	dutch pop
